#
# There is insufficient memory for the Java Runtime Environment to continue.
# Native memory allocation (mmap) failed to map 16777216 bytes. Error detail: Failed to reserve memory for metaspace
# Possible reasons:
#   The system is out of physical RAM or swap space
#   In 32 bit mode, the process size limit was hit
# Possible solutions:
#   Reduce memory load on the system
#   Increase physical memory or swap space
#   Check if swap backing store is full
#   Use 64 bit Java on a 64 bit OS
#   Decrease Java heap size (-Xmx/-Xms)
#   Decrease number of Java threads
#   Decrease Java thread stack sizes (-Xss)
#   Set larger code cache with -XX:ReservedCodeCacheSize=
# This output file may be truncated or incomplete.
#
#  Out of Memory Error (virtualSpaceNode.cpp:249), pid=29312, tid=8920
#
# JRE version: OpenJDK Runtime Environment Temurin-17.0.11+9 (17.0.11+9) (build 17.0.11+9)
# Java VM: OpenJDK Client VM Temurin-17.0.11+9 (17.0.11+9, mixed mode, emulated-client, serial gc, windows-x86)
# No core dump will be written. Minidumps are not enabled by default on client versions of Windows
#

---------------  S U M M A R Y ------------

Command Line: --add-opens=java.base/java.lang=ALL-UNNAMED --add-opens=java.base/java.lang.invoke=ALL-UNNAMED --add-opens=java.base/java.util=ALL-UNNAMED --add-opens=java.prefs/java.util.prefs=ALL-UNNAMED --add-exports=jdk.compiler/com.sun.tools.javac.api=ALL-UNNAMED --add-exports=jdk.compiler/com.sun.tools.javac.util=ALL-UNNAMED --add-opens=java.base/java.util=ALL-UNNAMED --add-opens=java.prefs/java.util.prefs=ALL-UNNAMED --add-opens=java.base/java.nio.charset=ALL-UNNAMED --add-opens=java.base/java.net=ALL-UNNAMED --add-opens=java.base/java.util.concurrent.atomic=ALL-UNNAMED --add-opens=java.xml/javax.xml.namespace=ALL-UNNAMED -Xmx1536m -Dfile.encoding=windows-1252 -Duser.country=BR -Duser.language=pt -Duser.variant -javaagent:C:\Users\pedro.queblas\.gradle\wrapper\dists\gradle-8.11.1-bin\bpt9gzteqjrbo1mjrsomdt32c\gradle-8.11.1\lib\agents\gradle-instrumentation-agent-8.11.1.jar org.gradle.launcher.daemon.bootstrap.GradleDaemon 8.11.1

Host: 13th Gen Intel(R) Core(TM) i5-13500T, 20 cores, 15G,  Windows 11 , 64 bit Build 26100 (10.0.26100.7309)
Time: Mon Mar  9 16:40:45 2026 Hora oficial do Brasil elapsed time: 14.073939 seconds (0d 0h 0m 14s)

---------------  T H R E A D  ---------------

Current thread (0x6f4648d8):  JavaThread "WorkerExecutor Queue Thread 3" [_thread_in_vm, id=8920, stack(0x7bee0000,0x7bf30000)]

Stack: [0x7bee0000,0x7bf30000]
Java frames: (J=compiled Java code, j=interpreted, Vv=VM code)
J 744  java.lang.ClassLoader.defineClass1(Ljava/lang/ClassLoader;Ljava/lang/String;[BIILjava/security/ProtectionDomain;Ljava/lang/String;)Ljava/lang/Class; java.base@17.0.11 (0 bytes) @ 0x028de917 [0x028de860+0x000000b7]
J 1193 c1 java.lang.ClassLoader.defineClass(Ljava/lang/String;[BIILjava/security/ProtectionDomain;)Ljava/lang/Class; java.base@17.0.11 (43 bytes) @ 0x0297d80c [0x0297d750+0x000000bc]
J 3269 c1 java.net.URLClassLoader.defineClass(Ljava/lang/String;Ljdk/internal/loader/Resource;)Ljava/lang/Class; java.base@17.0.11 (224 bytes) @ 0x02c27224 [0x02c26990+0x00000894]
J 3265 c1 java.net.URLClassLoader$1.run()Ljava/lang/Class; java.base@17.0.11 (81 bytes) @ 0x02c24168 [0x02c23f50+0x00000218]
J 701 c1 java.net.URLClassLoader.findClass(Ljava/lang/String;)Ljava/lang/Class; java.base@17.0.11 (47 bytes) @ 0x028d5350 [0x028d5290+0x000000c0]
J 5943 c1 org.gradle.internal.classloader.VisitableURLClassLoader$InstrumentingVisitableURLClassLoader.findClass(Ljava/lang/String;)Ljava/lang/Class; (36 bytes) @ 0x02f6de18 [0x02f6ddd0+0x00000048]
J 647 c1 java.lang.ClassLoader.loadClass(Ljava/lang/String;Z)Ljava/lang/Class; java.base@17.0.11 (121 bytes) @ 0x028bf3ec [0x028bf220+0x000001cc]
J 655 c1 java.lang.ClassLoader.loadClass(Ljava/lang/String;)Ljava/lang/Class; java.base@17.0.11 (7 bytes) @ 0x028c200c [0x028c1fe0+0x0000002c]
v  ~StubRoutines::call_stub
j  com.android.tools.r8.internal.KA.<init>(Lcom/android/tools/r8/graph/y;)V+376
j  com.android.tools.r8.internal.Q60.<init>(Lcom/android/tools/r8/graph/y;Lcom/android/tools/r8/internal/Ar0;Z)V+4
j  com.android.tools.r8.R8.a(Lcom/android/tools/r8/utils/i;Ljava/util/concurrent/ExecutorService;)V+2075
j  com.android.tools.r8.R8.c(Lcom/android/tools/r8/utils/i;Lcom/android/tools/r8/internal/MI;Ljava/util/concurrent/ExecutorService;)V+44
j  com.android.tools.r8.R8.b(Lcom/android/tools/r8/utils/i;Lcom/android/tools/r8/internal/MI;Ljava/util/concurrent/ExecutorService;)V+4
j  com.android.tools.r8.R8$$Lambda$2307+0x7c65e110.run()V+12
j  com.android.tools.r8.internal.Nu.a(Lcom/android/tools/r8/internal/Me0;Lcom/android/tools/r8/internal/Nu$a;)V+2
j  com.android.tools.r8.R8.a(Lcom/android/tools/r8/utils/i;Lcom/android/tools/r8/internal/MI;)V+17
j  com.android.tools.r8.R8.run(Lcom/android/tools/r8/R8Command;)V+8
j  com.android.builder.dexing.R8Tool.runR8(Ljava/util/Collection;Ljava/nio/file/Path;Ljava/nio/file/Path;Ljava/nio/file/Path;Ljava/util/Collection;Ljava/util/Collection;Lcom/android/builder/dexing/ToolConfig;Lcom/android/builder/dexing/ProguardConfig;Lcom/android/builder/dexing/MainDexListConfig;Lcom/android/builder/dexing/ResourceShrinkingConfig;Lcom/android/ide/common/blame/MessageReceiver;ZLjava/util/Collection;Ljava/util/Collection;Ljava/nio/file/Path;Ljava/nio/file/Path;Ljava/lang/String;Ljava/nio/file/Path;Ljava/nio/file/Path;Ljava/nio/file/Path;Ljava/nio/file/Path;Lcom/android/builder/dexing/PartialShrinkingConfig;)V+1514
j  com.android.build.gradle.internal.tasks.R8Task$Companion.shrink(Ljava/util/List;IZZZZLjava/util/List;Ljava/util/List;Ljava/io/File;ZZLjava/util/List;Ljava/util/List;Ljava/io/File;Ljava/util/Collection;Ljava/io/File;Ljava/util/List;ZLjava/io/File;Ljava/io/File;Ljava/io/File;Ljava/io/File;Ljava/io/File;Ljava/io/File;Ljava/io/File;Ljava/util/List;Ljava/util/List;Ljava/io/File;Ljava/io/File;Ljava/lang/String;Lcom/android/build/gradle/options/SyncOptions$ErrorFormatMode;Ljava/io/File;Ljava/io/File;Ljava/io/File;Ljava/io/File;Lcom/android/builder/dexing/ResourceShrinkingConfig;Lcom/android/builder/dexing/PartialShrinkingConfig;)V+1349
j  com.android.build.gradle.internal.tasks.R8Task$R8Runnable.execute()V+1028
j  org.gradle.workers.internal.DefaultWorkerServer.execute(Lorg/gradle/workers/internal/SimpleActionExecutionSpec;)Lorg/gradle/workers/internal/DefaultWorkResult;+128
j  org.gradle.workers.internal.NoIsolationWorkerFactory$1$1.create()Lorg/gradle/workers/internal/DefaultWorkResult;+29
j  org.gradle.workers.internal.NoIsolationWorkerFactory$1$1.create()Ljava/lang/Object;+1
j  org.gradle.internal.classloader.ClassLoaderUtils.executeInClassloader(Ljava/lang/ClassLoader;Lorg/gradle/internal/Factory;)Ljava/lang/Object;+15
j  org.gradle.workers.internal.NoIsolationWorkerFactory$1.lambda$execute$0(Ljava/lang/ClassLoader;Lorg/gradle/workers/WorkerExecutor;Lorg/gradle/workers/internal/IsolatedParametersActionExecutionSpec;)Lorg/gradle/workers/internal/DefaultWorkResult;+10
j  org.gradle.workers.internal.NoIsolationWorkerFactory$1$$Lambda$2148+0x78ff4e98.execute(Lorg/gradle/workers/internal/IsolatedParametersActionExecutionSpec;)Lorg/gradle/workers/internal/DefaultWorkResult;+13
j  org.gradle.workers.internal.AbstractWorker$1.call(Lorg/gradle/internal/operations/BuildOperationContext;)Lorg/gradle/workers/internal/DefaultWorkResult;+8
j  org.gradle.workers.internal.AbstractWorker$1.call(Lorg/gradle/internal/operations/BuildOperationContext;)Ljava/lang/Object;+2
J 5502 c1 org.gradle.internal.operations.DefaultBuildOperationRunner$CallableBuildOperationWorker.execute(Lorg/gradle/internal/operations/BuildOperation;Lorg/gradle/internal/operations/BuildOperationContext;)V (10 bytes) @ 0x02eedea4 [0x02eede30+0x00000074]
J 5492 c1 org.gradle.internal.operations.DefaultBuildOperationRunner$2.execute(Lorg/gradle/internal/operations/BuildOperationDescriptor;Lorg/gradle/internal/operations/BuildOperationState;Lorg/gradle/internal/operations/BuildOperationState;Lorg/gradle/internal/operations/DefaultBuildOperationRunner$ReadableBuildOperationContext;Lorg/gradle/internal/operations/DefaultBuildOperationRunner$BuildOperationExecutionListener;)Lorg/gradle/internal/operations/BuildOperation; (110 bytes) @ 0x02ee8160 [0x02ee8100+0x00000060]
J 5441 c1 org.gradle.internal.operations.DefaultBuildOperationRunner$2.execute(Lorg/gradle/internal/operations/BuildOperationDescriptor;Lorg/gradle/internal/operations/BuildOperationState;Lorg/gradle/internal/operations/BuildOperationState;Lorg/gradle/internal/operations/DefaultBuildOperationRunner$ReadableBuildOperationContext;Lorg/gradle/internal/operations/DefaultBuildOperationRunner$BuildOperationExecutionListener;)Ljava/lang/Object; (12 bytes) @ 0x02edbd20 [0x02edbce0+0x00000040]
J 8376 c1 org.gradle.internal.operations.DefaultBuildOperationRunner.execute(Lorg/gradle/internal/operations/BuildOperationDescriptor$Builder;Lorg/gradle/internal/operations/BuildOperationState;Lorg/gradle/internal/operations/DefaultBuildOperationRunner$BuildOperationExecution;)Ljava/lang/Object; (147 bytes) @ 0x0325b548 [0x0325b160+0x000003e8]
J 5455 c1 org.gradle.internal.operations.DefaultBuildOperationRunner.call(Lorg/gradle/internal/operations/CallableBuildOperation;)Ljava/lang/Object; (24 bytes) @ 0x02ee1708 [0x02ee1590+0x00000178]
j  org.gradle.workers.internal.AbstractWorker.executeWrappedInBuildOperation(Lorg/gradle/workers/internal/IsolatedParametersActionExecutionSpec;Lorg/gradle/internal/operations/BuildOperationRef;Lorg/gradle/workers/internal/AbstractWorker$Work;)Lorg/gradle/workers/internal/DefaultWorkResult;+15
j  org.gradle.workers.internal.NoIsolationWorkerFactory$1.execute(Lorg/gradle/workers/internal/IsolatedParametersActionExecutionSpec;Lorg/gradle/internal/operations/BuildOperationRef;)Lorg/gradle/workers/internal/DefaultWorkResult;+17
j  org.gradle.workers.internal.DefaultWorkerExecutor.lambda$submitWork$0(Lorg/gradle/workers/internal/WorkerFactory;Lorg/gradle/workers/internal/WorkerRequirement;Lorg/gradle/workers/internal/IsolatedParametersActionExecutionSpec;Lorg/gradle/internal/operations/BuildOperationRef;)Lorg/gradle/workers/internal/DefaultWorkResult;+13
j  org.gradle.workers.internal.DefaultWorkerExecutor$$Lambda$2147+0x78ff6b48.call()Ljava/lang/Object;+16
J 5207 c1 java.util.concurrent.FutureTask.run()V java.base@17.0.11 (123 bytes) @ 0x02e9c904 [0x02e9c800+0x00000104]
j  org.gradle.internal.work.DefaultConditionalExecutionQueue$ExecutionRunner.runExecution(Lorg/gradle/internal/work/ConditionalExecution;)V+6
j  org.gradle.internal.work.DefaultConditionalExecutionQueue$ExecutionRunner.access$700(Lorg/gradle/internal/work/DefaultConditionalExecutionQueue$ExecutionRunner;Lorg/gradle/internal/work/ConditionalExecution;)V+2
j  org.gradle.internal.work.DefaultConditionalExecutionQueue$ExecutionRunner$1.run()V+14
j  org.gradle.internal.Factories$1.create()Ljava/lang/Object;+4
J 8813 c1 org.gradle.internal.work.DefaultWorkerLeaseService.withLocks(Ljava/util/Collection;Lorg/gradle/internal/Factory;)Ljava/lang/Object; (53 bytes) @ 0x032d99d4 [0x032d98e0+0x000000f4]
J 8677 c1 org.gradle.internal.work.DefaultWorkerLeaseService.runAsWorkerThread(Lorg/gradle/internal/Factory;)Ljava/lang/Object; (37 bytes) @ 0x032b9534 [0x032b93b0+0x00000184]
j  org.gradle.internal.work.DefaultWorkerLeaseService.runAsWorkerThread(Ljava/lang/Runnable;)V+5
j  org.gradle.internal.work.DefaultConditionalExecutionQueue$ExecutionRunner.runBatch(Lorg/gradle/internal/work/ConditionalExecution;)V+16
j  org.gradle.internal.work.DefaultConditionalExecutionQueue$ExecutionRunner.run()V+11
j  java.util.concurrent.Executors$RunnableAdapter.call()Ljava/lang/Object;+4 java.base@17.0.11
J 5207 c1 java.util.concurrent.FutureTask.run()V java.base@17.0.11 (123 bytes) @ 0x02e9c904 [0x02e9c800+0x00000104]
J 5061 c1 org.gradle.internal.concurrent.ExecutorPolicy$CatchAndRecordFailures.onExecute(Ljava/lang/Runnable;)V (29 bytes) @ 0x02e73398 [0x02e73360+0x00000038]
j  org.gradle.internal.concurrent.AbstractManagedExecutor$1.run()V+25
J 9775 c1 java.util.concurrent.ThreadPoolExecutor.runWorker(Ljava/util/concurrent/ThreadPoolExecutor$Worker;)V java.base@17.0.11 (187 bytes) @ 0x03387278 [0x03387030+0x00000248]
J 9774 c1 java.util.concurrent.ThreadPoolExecutor$Worker.run()V java.base@17.0.11 (9 bytes) @ 0x03387b4c [0x03387b20+0x0000002c]
j  java.lang.Thread.run()V+11 java.base@17.0.11
v  ~StubRoutines::call_stub

Compiled method (n/a)   14075  744     n       java.lang.ClassLoader::defineClass1 (native)
 total in heap  [0x028de748,0x028dea50] = 776
 relocation     [0x028de82c,0x028de854] = 40
 main code      [0x028de860,0x028dea50] = 496

[Constant Pool (empty)]

[MachCode]
[Entry Point]
  # {method} {0x6501ba0c} 'defineClass1' '(Ljava/lang/ClassLoader;Ljava/lang/String;[BIILjava/security/ProtectionDomain;Ljava/lang/String;)Ljava/lang/Class;' in 'java/lang/ClassLoader'
  # parm0:    ecx       = 'java/lang/ClassLoader'
  # parm1:    edx       = 'java/lang/String'
  # parm2:    [sp+0x40]   = '[B'  (sp of caller)
  # parm3:    [sp+0x44]   = int
  # parm4:    [sp+0x48]   = int
  # parm5:    [sp+0x4c]   = 'java/security/ProtectionDomain'
  # parm6:    [sp+0x50]   = 'java/lang/String'
  0x028de860: 3b41 040f | 8407 0000 

  0x028de868: ;   {runtime_call ic_miss_stub}
  0x028de868: 00e9 621f | efff 6690 
[Verified Entry Point]
  0x028de870: 8984 2400 | c0ff ff55 | 8bec 83ec | 3864 8b3c | 2500 0000 | 008b 7ff4 | 894c 2424 | 33c0 83f9 
  0x028de890: 000f 8404 | 0000 008d | 4424 2489 | 4424 0889 | 5424 2833 | c083 fa00 | 0f84 0400 | 0000 8d44 
  0x028de8b0: 2428 8944 | 240c 33c0 | 817d 0800 | 0000 000f | 8403 0000 | 008d 4508 | 8944 2410 | 8b45 0c89 
  0x028de8d0: 4424 148b | 4510 8944 | 2418 33c0 | 817d 1400 | 0000 000f | 8403 0000 | 008d 4514 | 8944 241c 
  0x028de8f0: 33c0 817d | 1800 0000 | 000f 8403 | 0000 008d | 4518 8944 

  0x028de904: ;   {oop(a 'java/lang/Class'{0x24a60e08} = 'java/lang/ClassLoader')}
  0x028de904: 2420 be08 | 0ea6 2489 | 7424 2c8d | 7424 2c89 | 7424 04c5 

  0x028de918: ;   {internal_word}
  0x028de918: f877 c787 | f401 0000 | 17e9 8d02 | 89a7 f001 

  0x028de928: ;   {external_word}
  0x028de928: 0000 803d | dc54 2c70 | 000f 840f 

  0x028de934: ;   {metadata({method} {0x6501ba0c} 'defineClass1' '(Ljava/lang/ClassLoader;Ljava/lang/String;[BIILjava/security/ProtectionDomain;Ljava/lang/String;)Ljava/lang/Class;' in 'java/lang/ClassLoader')}
  0x028de934: 0000 00b8 | 08ba 0165 

  0x028de93c: ;   {runtime_call}
  0x028de93c: 5057 e8dd | 027f 6d83 | c408 8d97 | 0002 0000 | 8914 24c7 | 874c 0200 | 0004 0000 

  0x028de958: ;   {runtime_call}
  0x028de958: 00e8 002d | 136f c5f8 | 77c7 874c | 0200 0005 | 0000 00f0 | 8344 24c0 | 003b af50 | 0200 000f 
  0x028de978: 8710 0000 | 0081 bf40 | 0200 0000 | 0000 000f | 8412 0000 | 00c5 f877 | 8945 fc57 

  0x028de994: ;   {runtime_call}
  0x028de994: e887 b088 | 6d83 c404 | 8b45 fcc7 | 874c 0200 | 0008 0000 | 0081 bf70 | 0200 0002 | 0000 000f 
  0x028de9b4: 8478 0000 

  0x028de9b8: ;   {external_word}
  0x028de9b8: 0080 3ddc | 542c 7000 | 0f84 1500 | 0000 8945 

  0x028de9c8: ;   {metadata({method} {0x6501ba0c} 'defineClass1' '(Ljava/lang/ClassLoader;Ljava/lang/String;[BIILjava/security/ProtectionDomain;Ljava/lang/String;)Ljava/lang/Class;' in 'java/lang/ClassLoader')}
  0x028de9c8: fcb8 08ba | 0165 5057 

  0x028de9d0: ;   {runtime_call}
  0x028de9d0: e84b 027f | 6d83 c408 | 8b45 fcc7 | 87f0 0100 | 0000 0000 | 00c7 87f4 | 0100 0000 | 0000 00c5 
  0x028de9f0: f877 85c0 | 0f84 1600 | 0000 f7c0 | 0100 0000 | 0f84 0800 | 0000 8b40 | ffe9 0200 | 0000 8b00 
  0x028dea10: 8b8f b800 | 0000 c781 | 8000 0000 | 0000 0000 | 817f 0400 | 0000 000f | 8517 0000 | 008b e55d 
  0x028dea30: c3c5 f877 

  0x028dea34: ;   {runtime_call}
  0x028dea34: 8945 fce8 | f429 7f6d | 8b45 fce9 | 75ff ffff | 0f77 8be5 

  0x028dea48: ;   {runtime_call StubRoutines (1)}
  0x028dea48: 5de9 c21e | ebff f4f4 
[/MachCode]


Compiled method (c1)   14080 1193             java.lang.ClassLoader::defineClass (43 bytes)
 total in heap  [0x0297d608,0x0297da98] = 1168
 relocation     [0x0297d6ec,0x0297d74c] = 96
 main code      [0x0297d750,0x0297d8b0] = 352
 stub code      [0x0297d8b0,0x0297d900] = 80
 metadata       [0x0297d900,0x0297d918] = 24
 scopes data    [0x0297d918,0x0297d9cc] = 180
 scopes pcs     [0x0297d9cc,0x0297da6c] = 160
 dependencies   [0x0297da6c,0x0297da74] = 8
 nul chk table  [0x0297da74,0x0297da98] = 36

[Constant Pool (empty)]

[MachCode]
[Entry Point]
  # {method} {0x6501b85c} 'defineClass' '(Ljava/lang/String;[BIILjava/security/ProtectionDomain;)Ljava/lang/Class;' in 'java/lang/ClassLoader'
  # this:     ecx       = 'java/lang/ClassLoader'
  # parm0:    edx       = 'java/lang/String'
  # parm1:    [sp+0x60]   = '[B'  (sp of caller)
  # parm2:    [sp+0x64]   = int
  # parm3:    [sp+0x68]   = int
  # parm4:    [sp+0x6c]   = 'java/security/ProtectionDomain'
  0x0297d750: 0f1f 8000 | 0000 003b 

  0x0297d758: ;   {runtime_call ic_miss_stub}
  0x0297d758: 4104 0f85 | 7030 e5ff 
[Verified Entry Point]
  0x0297d760: 8984 2400 | c0ff ff55 | 83ec 5889 | 4c24 408b | 7424 6c8b | fa8b d789 | 3424 8bf1 | 8bce 897c 
  0x0297d780: ;   {optimized virtual_call}
  0x0297d780: 2444 90e8 

  0x0297d784: ; ImmutableOopMap {[96]=Oop [64]=Oop [68]=Oop }
              ;*invokevirtual preDefineClass {reexecute=0 rethrow=0 return_oop=0}
              ; - java.lang.ClassLoader::defineClass@4 (line 1015)
  0x0297d784: 6805 0000 | 8944 2448 

  0x0297d78c: ; implicit exception: dispatches to 0x0297d844
  0x0297d78c: 8b50 0c83 | fa00 0f85 | 1000 0000 

  0x0297d798: ;   {oop(NULL)}
  0x0297d798: be00 0000 | 0089 7424 | 4c8b f0e9 | 3200 0000 

  0x0297d7a8: ; implicit exception: dispatches to 0x0297d849
  0x0297d7a8: 8b52 0883 | fa00 0f85 | 1000 0000 

  0x0297d7b4: ;   {oop(NULL)}
  0x0297d7b4: be00 0000 | 0089 7424 | 4c8b f0e9 | 1600 0000 

  0x0297d7c4: ; implicit exception: dispatches to 0x0297d84e
  0x0297d7c4: 8b4a 343b 

  0x0297d7c8: ;   {optimized virtual_call}
  0x0297d7c8: 0166 90e8 

  0x0297d7cc: ; ImmutableOopMap {[96]=Oop [64]=Oop [68]=Oop [72]=Oop }
              ;*invokevirtual toExternalForm {reexecute=0 rethrow=0 return_oop=0}
              ; - java.net.URL::toExternalForm@5 (line 1039)
              ; - java.net.URL::toString@1 (line 1025)
              ; - java.lang.ClassLoader::defineClassSourceLocation@22 (line 917)
              ; - java.lang.ClassLoader::defineClass@12 (line 1016)
  0x0297d7cc: b0d4 f4ff | 8bf0 8974 | 244c 8b74 | 2448 8b44 | 2468 8b5c | 2464 8b7c | 2460 8b54 | 2444 8b4c 
  0x0297d7ec: 2440 893c | 2489 5c24 | 0489 4424 | 0889 7424 | 0c8b 7c24 | 4c89 7c24 

  0x0297d804: ;   {static_call}
  0x0297d804: 1066 90e8 

  0x0297d808: ; ImmutableOopMap {[64]=Oop [72]=Oop }
              ;*invokestatic defineClass1 {reexecute=0 rethrow=0 return_oop=0}
              ; - java.lang.ClassLoader::defineClass@27 (line 1017)
  0x0297d808: 6410 f6ff | 8bd0 8b4c | 2448 890c | 248b 4c24 | 4089 4424 

  0x0297d81c: ;   {optimized virtual_call}
  0x0297d81c: 5066 90e8 

  0x0297d820: ; ImmutableOopMap {[80]=Oop }
              ;*invokevirtual postDefineClass {reexecute=0 rethrow=0 return_oop=0}
              ; - java.lang.ClassLoader::defineClass@37 (line 1018)
  0x0297d820: 3c3a f6ff | 8b44 2450 | 83c4 585d | 648b 1c25 | 0000 0000 

  0x0297d834: ;   {poll_return}
  0x0297d834: 8b5b f43b | a350 0200 | 000f 8715 | 0000 00c3 

  0x0297d844: ;   {runtime_call throw_null_pointer_exception Runtime1 stub}
  0x0297d844: e897 61e3 

  0x0297d848: ; ImmutableOopMap {[96]=Oop [64]=Oop [68]=Oop eax=Oop [72]=Oop }
              ;*invokevirtual getCodeSource {reexecute=0 rethrow=0 return_oop=0}
              ; - java.lang.ClassLoader::defineClassSourceLocation@1 (line 914)
              ; - java.lang.ClassLoader::defineClass@12 (line 1016)
              ;   {runtime_call throw_null_pointer_exception Runtime1 stub}
  0x0297d848: ffe8 9261 

  0x0297d84c: ; ImmutableOopMap {[96]=Oop [64]=Oop [68]=Oop eax=Oop [72]=Oop }
              ;*invokevirtual getLocation {reexecute=0 rethrow=0 return_oop=0}
              ; - java.lang.ClassLoader::defineClassSourceLocation@12 (line 916)
              ; - java.lang.ClassLoader::defineClass@12 (line 1016)
              ;   {runtime_call throw_null_pointer_exception Runtime1 stub}
  0x0297d84c: e3ff e88d 

  0x0297d850: ; ImmutableOopMap {[96]=Oop [64]=Oop [68]=Oop [72]=Oop edx=Oop }
              ;*invokevirtual toString {reexecute=0 rethrow=0 return_oop=0}
              ; - java.lang.ClassLoader::defineClassSourceLocation@22 (line 917)
              ; - java.lang.ClassLoader::defineClass@12 (line 1016)
              ;   {runtime_call throw_null_pointer_exception Runtime1 stub}
  0x0297d850: 61e3 ffe8 

  0x0297d854: ; ImmutableOopMap {[96]=Oop [64]=Oop [68]=Oop [72]=Oop edx=Oop ecx=Oop }
              ;*invokevirtual toExternalForm {reexecute=0 rethrow=0 return_oop=0}
              ; - java.net.URL::toExternalForm@5 (line 1039)
              ; - java.net.URL::toString@1 (line 1025)
              ; - java.lang.ClassLoader::defineClassSourceLocation@22 (line 917)
              ; - java.lang.ClassLoader::defineClass@12 (line 1016)
  0x0297d854: 8861 e3ff 

  0x0297d858: ;   {internal_word}
  0x0297d858: 5152 b937 | d897 0264 | 8b14 2500 | 0000 008b | 52f4 898a | 5c02 0000 

  0x0297d870: ;   {runtime_call SafepointBlob}
  0x0297d870: 5a59 e929 | 80e5 ff90 | 9064 8b34 | 2500 0000 | 008b 76f4 | 8b86 8402 | 0000 c786 | 8402 0000 
  0x0297d890: 0000 0000 | c786 8802 | 0000 0000 | 0000 83c4 

  0x0297d8a0: ;   {runtime_call unwind_exception Runtime1 stub}
  0x0297d8a0: 585d e969 | 67e3 fff4 | f4f4 f4f4 | f4f4 f4f4 
[Stub Code]
  0x0297d8b0: ;   {no_reloc}
  0x0297d8b0: 6690 bbd8 

  0x0297d8b4: ;   {runtime_call I2C/C2I adapters}
  0x0297d8b4: b501 65e9 | a784 e5ff 

  0x0297d8bc: ;   {static_stub}
  0x0297d8bc: 6690 bb00 

  0x0297d8c0: ;   {runtime_call}
  0x0297d8c0: 0000 00e9 | fbff ffff 

  0x0297d8c8: ;   {static_stub}
  0x0297d8c8: 6690 bb00 

  0x0297d8cc: ;   {runtime_call}
  0x0297d8cc: 0000 00e9 | fbff ffff 

  0x0297d8d4: ;   {static_stub}
  0x0297d8d4: 6690 bb00 

  0x0297d8d8: ;   {runtime_call}
  0x0297d8d8: 0000 00e9 | fbff ffff 
[Exception Handler]
  0x0297d8e0: ;   {runtime_call handle_exception_from_callee Runtime1 stub}
  0x0297d8e0: e82b 54e3 

  0x0297d8e4: ;   {external_word}
  0x0297d8e4: ff68 30b7 | 1c70 e800 | 0000 0060 

  0x0297d8f0: ;   {runtime_call}
  0x0297d8f0: e86b b66a 

  0x0297d8f4: ;   {section_word}
  0x0297d8f4: 6df4 68f6 

  0x0297d8f8: ;   {runtime_call DeoptimizationBlob}
  0x0297d8f8: d897 02e9 | 4079 e5ff 
[/MachCode]


Compiled method (c1)   14084 3269   !         java.net.URLClassLoader::defineClass (224 bytes)
 total in heap  [0x02c26688,0x02c2824c] = 7108
 relocation     [0x02c2676c,0x02c2698c] = 544
 main code      [0x02c26990,0x02c27650] = 3264
 stub code      [0x02c27650,0x02c277d8] = 392
 oops           [0x02c277d8,0x02c277dc] = 4
 metadata       [0x02c277dc,0x02c2783c] = 96
 scopes data    [0x02c2783c,0x02c27d2c] = 1264
 scopes pcs     [0x02c27d2c,0x02c2809c] = 880
 dependencies   [0x02c2809c,0x02c280c0] = 36
 handler table  [0x02c280c0,0x02c281f8] = 312
 nul chk table  [0x02c281f8,0x02c2824c] = 84

[Constant Pool (empty)]

[MachCode]
[Entry Point]
  # {method} {0x65523edc} 'defineClass' '(Ljava/lang/String;Ljdk/internal/loader/Resource;)Ljava/lang/Class;' in 'java/net/URLClassLoader'
  # this:     ecx       = 'java/net/URLClassLoader'
  # parm0:    edx       = 'java/lang/String'
  # parm1:    [sp+0xf0]   = 'jdk/internal/loader/Resource'  (sp of caller)
  0x02c26990: 0f1f 8000 | 0000 003b 

  0x02c26998: ;   {runtime_call ic_miss_stub}
  0x02c26998: 4104 0f85 | 309e baff 
[Verified Entry Point]
  0x02c269a0: 8984 2400 | c0ff ff55 | 81ec e800 | 0000 894c | 246c 8954 

  0x02c269b4: ;   {runtime_call}
  0x02c269b4: 2468 e855 | 4147 6d89 | 4424 7889 | 5424 7c8b | 7424 688b | 7e10 8b5f | 080f be4e | 0c89 7c24 
  0x02c269d4: 708b f9c1 | e718 c1ff | 188b c18b | cfd3 fb4b | 83f8 00b9 | 0000 0000 | 0f85 0500 | 0000 b901 
  0x02c269f4: 0000 0083 | e101 83f9 | 000f 8416 | 0000 008b | 4c24 70ba | 2e00 0000 

  0x02c26a0c: ;   {static_call}
  0x02c26a0c: 891c 24e8 

  0x02c26a10: ; ImmutableOopMap {[240]=Oop [108]=Oop [104]=Oop }
              ;*invokestatic lastIndexOf {reexecute=0 rethrow=0 return_oop=0}
              ; - java.lang.String::lastIndexOf@13 (line 2489)
              ; - java.lang.String::lastIndexOf@8 (line 2451)
              ; - java.net.URLClassLoader::defineClass@7 (line 486)
  0x02c26a10: 1c1b c1ff | e913 0000 | 008b 7c24 | 708b cfba | 2e00 0000 

  0x02c26a24: ;   {static_call}
  0x02c26a24: 891c 24e8 

  0x02c26a28: ; ImmutableOopMap {[240]=Oop [108]=Oop [104]=Oop }
              ;*invokestatic lastIndexOf {reexecute=0 rethrow=0 return_oop=0}
              ; - java.lang.String::lastIndexOf@25 (line 2490)
              ; - java.lang.String::lastIndexOf@8 (line 2451)
              ; - java.net.URLClassLoader::defineClass@7 (line 486)
  0x02c26a28: 64a4 baff | 8944 2474 | 8bb4 24f0 | 0000 008b | ce90 b8ff 

  0x02c26a3c: ;   {virtual_call}
  0x02c26a3c: ffff ffe8 

  0x02c26a40: ; ImmutableOopMap {[108]=Oop [104]=Oop [240]=Oop }
              ;*invokevirtual getCodeSourceURL {reexecute=0 rethrow=0 return_oop=0}
              ; - java.net.URLClassLoader::defineClass@13 (line 487)
  0x02c26a40: 7c91 b8ff | 8984 2480 | 0000 008b | 4c24 7483 | f9ff 0f84 | 3501 0000 | ba00 0000 | 0089 0c24 
  0x02c26a60: 8b4c 2468 

  0x02c26a64: ;   {optimized virtual_call}
  0x02c26a64: 6666 90e8 

  0x02c26a68: ; ImmutableOopMap {[108]=Oop [104]=Oop [240]=Oop [128]=Oop }
              ;*invokevirtual substring {reexecute=0 rethrow=0 return_oop=0}
              ; - java.net.URLClassLoader::defineClass@28 (line 489)
  0x02c26a68: 741c c0ff | 8984 2484 | 0000 008b | 8c24 f000 | 0000 b818 

  0x02c26a7c: ;   {virtual_call}
  0x02c26a7c: 8a50 65e8 

  0x02c26a80: ; ImmutableOopMap {[108]=Oop [104]=Oop [240]=Oop [128]=Oop [132]=Oop }
              ;*invokevirtual getManifest {reexecute=0 rethrow=0 return_oop=0}
              ; - java.net.URLClassLoader::defineClass@34 (line 491)
  0x02c26a80: ac8b d0ff | 8984 2488 | 0000 008b | 9424 8400 | 0000 8904 | 248b b424 | 8000 0000 | 8974 2404 
  0x02c26aa0: 8b4c 246c 

  0x02c26aa4: ;   {optimized virtual_call}
  0x02c26aa4: 6666 90e8 

  0x02c26aa8: ; ImmutableOopMap {[108]=Oop [104]=Oop [240]=Oop [132]=Oop [136]=Oop [128]=Oop }
              ;*invokevirtual getAndVerifyPackage {reexecute=0 rethrow=0 return_oop=0}
              ; - java.net.URLClassLoader::defineClass@46 (line 492)
  0x02c26aa8: 0490 ccff | 83f8 000f | 85d8 0000 | 008b 8424 | 8800 0000 | 83f8 000f | 8424 0000 | 008b b424 
  0x02c26ac8: 8000 0000 | 8b94 2484 | 0000 0089 | 0424 8974 | 2404 8b4c 

  0x02c26adc: ;   {optimized virtual_call}
  0x02c26adc: 246c 90e8 

  0x02c26ae0: ; ImmutableOopMap {[108]=Oop [104]=Oop [240]=Oop [132]=Oop [136]=Oop [128]=Oop }
              ;*invokevirtual definePackage {reexecute=0 rethrow=0 return_oop=0}
              ; - java.net.URLClassLoader::defineClass@64 (line 495)
  0x02c26ae0: ec7c d9ff | e9a4 0000 | 008b 9424 | 8400 0000 | c704 2400 | 0000 00c7 | 4424 0400 | 0000 00c7 
  0x02c26b00: 4424 0800 | 0000 00c7 | 4424 0c00 | 0000 00c7 | 4424 1000 | 0000 00c7 | 4424 1400 | 0000 00c7 
  0x02c26b20: 4424 1800 | 0000 008b 

  0x02c26b28: ;   {optimized virtual_call}
  0x02c26b28: 4c24 6ce8 

  0x02c26b2c: ; ImmutableOopMap {[108]=Oop [104]=Oop [240]=Oop [132]=Oop [136]=Oop [128]=Oop }
              ;*invokevirtual definePackage {reexecute=0 rethrow=0 return_oop=0}
              ; - java.net.URLClassLoader::defineClass@81 (line 497)
  0x02c26b2c: e09e baff | e958 0000 | 008b 8c24 | 8800 0000 | 8b84 2480 | 0000 0064 | 8b14 2500 | 0000 008b 
  0x02c26b4c: 52f4 8bf0 | 8b82 8402 | 0000 c782 | 8402 0000 | 0000 0000 | c782 8802 | 0000 0000 | 0000 8b94 
  0x02c26b6c: 2484 0000 | 0089 0c24 | 8974 2404 | 8b4c 246c 

  0x02c26b7c: ;   {optimized virtual_call}
  0x02c26b7c: 6666 90e8 

  0x02c26b80: ; ImmutableOopMap {[108]=Oop [104]=Oop [240]=Oop [132]=Oop [128]=Oop }
              ;*invokevirtual getAndVerifyPackage {reexecute=0 rethrow=0 return_oop=0}
              ; - java.net.URLClassLoader::defineClass@97 (line 502)
  0x02c26b80: 8c9e baff | 83f8 000f | 8437 0100 | 008b b424 | f000 0000 | 8d8c 24c8 | 0000 0089 | 7104 8b06 
  0x02c26ba0: 83c8 0189 | 01f0 0fb1 | 0e0f 8410 | 0000 002b | c481 e003 | f0ff ff89 | 010f 8565 | 0800 008b 
  0x02c26bc0: 4e08 83f9 | 000f 8523 | 0000 008b | ce90 b8ff 

  0x02c26bd0: ;   {virtual_call}
  0x02c26bd0: ffff ffe8 

  0x02c26bd4: ; ImmutableOopMap {[108]=Oop [104]=Oop [128]=Oop [240]=Oop [204]=Oop }
              ;*invokevirtual getInputStream {reexecute=0 rethrow=0 return_oop=0}
              ; - jdk.internal.loader.Resource::cachedInputStream@9 (line 77)
              ; - jdk.internal.loader.Resource::getByteBuffer@1 (line 163)
              ; - java.net.URLClassLoader::defineClass@132 (line 511)
  0x02c26bd4: 208b b8ff | 8bb4 24f0 | 0000 0089 | 4608 8bc6 | c1e8 09c6 | 8000 b09d | 6400 8b4e | 088d 8424 
  0x02c26bf4: c800 0000 | 8b38 85ff | 0f84 0d00 | 0000 8b58 | 04f0 0fb1 | 3b0f 8526 | 0800 0083 | f900 0f84 
  0x02c26c14: 3700 0000 

  0x02c26c18: ;   {metadata('sun/nio/ByteBuffered')}
  0x02c26c18: 8b59 0481 | 7b18 d0c2 | 5065 0f84 | 2b00 0000 

  0x02c26c28: ;   {metadata('sun/nio/ByteBuffered')}
  0x02c26c28: 81fb d0c2 | 5065 0f84 | 1f00 0000 

  0x02c26c34: ;   {metadata('sun/nio/ByteBuffered')}
  0x02c26c34: 5368 d0c2 

  0x02c26c38: ;   {runtime_call slow_subtype_check Runtime1 stub}
  0x02c26c38: 5065 e851 | bcb8 ff5b | 5b83 fb00 | 0f84 0500 | 0000 e904 | 0000 0033 | ffeb 05bf | 0100 0000 
  0x02c26c58: 83ff 000f | 8450 0000 | 0083 f900 | 0f84 3700 | 0000 8b79 

  0x02c26c6c: ;   {metadata('sun/nio/ByteBuffered')}
  0x02c26c6c: 0481 7f18 | d0c2 5065 | 0f84 2700 

  0x02c26c78: ;   {metadata('sun/nio/ByteBuffered')}
  0x02c26c78: 0000 81ff | d0c2 5065 | 0f84 1b00 

  0x02c26c84: ;   {metadata('sun/nio/ByteBuffered')}
  0x02c26c84: 0000 5768 | d0c2 5065 

  0x02c26c8c: ;   {runtime_call slow_subtype_check Runtime1 stub}
  0x02c26c8c: e8ff bbb8 | ff5f 5f83 | ff00 0f84 | ad07 0000 | e900 0000 | 0090 b8ff 

  0x02c26ca4: ;   {virtual_call}
  0x02c26ca4: ffff ffe8 

  0x02c26ca8: ; ImmutableOopMap {[108]=Oop [104]=Oop [128]=Oop [240]=Oop }
              ;*invokeinterface getByteBuffer {reexecute=0 rethrow=0 return_oop=0}
              ; - jdk.internal.loader.Resource::getByteBuffer@16 (line 165)
              ; - java.net.URLClassLoader::defineClass@132 (line 511)
  0x02c26ca8: a49f baff | e905 0000 

  0x02c26cb0: ;   {oop(NULL)}
  0x02c26cb0: 00b8 0000 | 0000 83f8 | 000f 8480 | 0300 00e9 | a501 0000 

  0x02c26cc4: ;   {metadata('java/lang/AssertionError')}
  0x02c26cc4: ba40 7152 | 6580 bac3 | 0000 0004 | 0f85 8007 | 0000 648b | 0c25 0000 | 0000 8b49 | f48b 81d0 
  0x02c26ce4: 0000 008d | 7820 3bb9 | d800 0000 | 0f87 6007 | 0000 89b9 | d000 0000 | c700 0100 | 0000 8950 
  0x02c26d04: 0433 c9bf | 0300 0000 | 894c f804 | 890c f84f | 75f6 8984 | 248c 0000 

  0x02c26d1c: ;   {metadata('java/lang/StringBuilder')}
  0x02c26d1c: 00ba 580c | 0965 648b | 0c25 0000 | 0000 8b49 | f48b 81d0 | 0000 008d | 7818 3bb9 | d800 0000 
  0x02c26d3c: 0f87 2007 | 0000 89b9 | d000 0000 | c700 0100 | 0000 8950 | 0433 c989 | 4808 8948 | 0c89 4810 
  0x02c26d5c: 8948 14ba | 1000 0000 | 8bc8 8984 | 2490 0000 

  0x02c26d6c: ;   {optimized virtual_call}
  0x02c26d6c: 0066 90e8 

  0x02c26d70: ; ImmutableOopMap {[140]=Oop [132]=Oop [144]=Oop }
              ;*invokespecial <init> {reexecute=0 rethrow=0 return_oop=0}
              ; - java.lang.StringBuilder::<init>@3 (line 106)
              ; - java.net.URLClassLoader::defineClass@111 (line 504)
  0x02c26d70: 9c9c baff 

  0x02c26d74: ;   {oop("Cannot find package "{0x252cd500})}
  0x02c26d74: ba00 d52c | 258b 8c24 | 9000 0000 

  0x02c26d80: ;   {optimized virtual_call}
  0x02c26d80: 6666 90e8 

  0x02c26d84: ; ImmutableOopMap {[140]=Oop [132]=Oop [144]=Oop }
              ;*invokespecial append {reexecute=0 rethrow=0 return_oop=0}
              ; - java.lang.StringBuilder::append@2 (line 179)
              ; - java.net.URLClassLoader::defineClass@116 (line 504)
  0x02c26d84: 889c baff | 8b94 2484 | 0000 008b | 8c24 9000 

  0x02c26d94: ;   {optimized virtual_call}
  0x02c26d94: 0000 90e8 

  0x02c26d98: ; ImmutableOopMap {[140]=Oop [144]=Oop }
              ;*invokespecial append {reexecute=0 rethrow=0 return_oop=0}
              ; - java.lang.StringBuilder::append@2 (line 179)
              ; - java.net.URLClassLoader::defineClass@121 (line 504)
  0x02c26d98: 749c baff | 8b84 2490 | 0000 000f | be50 0c83 | fa00 ba00 | 0000 000f | 8505 0000 | 00ba 0100 
  0x02c26db8: 0000 83e2 | 0183 fa00 | 0f84 7d04 | 0000 8b58 | 108b 7008 | 83fe 000f | 850a 0000 

  0x02c26dd4: ;   {oop(""{0x24a62938})}
  0x02c26dd4: 00be 3829 | a624 e97b | 0400 0089 | b424 9400 

  0x02c26de4: ;   {metadata('java/lang/String')}
  0x02c26de4: 0000 ba18 | d100 6564 | 8b0c 2500 | 0000 008b | 49f4 8b81 | d000 0000 | 8d78 183b | b9d8 0000 
  0x02c26e04: 000f 8763 | 0600 0089 | b9d0 0000 | 00c7 0001 | 0000 0089 | 5004 33c9 | 8948 0889 | 480c 8948 
  0x02c26e24: 1089 4814 | 8bcb ba00 | 0000 008b | b424 9400 | 0000 8934 | 2489 8424 | 9800 0000 

  0x02c26e40: ;   {static_call}
  0x02c26e40: 6666 90e8 

  0x02c26e44: ; ImmutableOopMap {[140]=Oop [152]=Oop }
              ;*invokestatic copyOfRange {reexecute=0 rethrow=0 return_oop=0}
              ; - java.lang.StringLatin1::newString@16 (line 769)
              ; - java.lang.StringBuilder::toString@16 (line 453)
              ; - java.net.URLClassLoader::defineClass@124 (line 504)
  0x02c26e44: 48a0 baff | 8b8c 2498 | 0000 0089 | 4110 8bc1 | c1e8 09c6 | 8000 b09d | 6400 c641 | 0c00 8bf1 
  0x02c26e64: e9f1 0300 | 0089 8424 | 9c00 0000 | 8b8c 24f0 | 0000 0066 | 6690 b8ff 

  0x02c26e7c: ;   {virtual_call}
  0x02c26e7c: ffff ffe8 

  0x02c26e80: ; ImmutableOopMap {[108]=Oop [104]=Oop [128]=Oop [156]=Oop }
              ;*invokevirtual getCodeSigners {reexecute=0 rethrow=0 return_oop=0}
              ; - java.net.URLClassLoader::defineClass@143 (line 514)
  0x02c26e80: cc9d baff 

  0x02c26e84: ;   {metadata('java/security/CodeSource')}
  0x02c26e84: 8bd8 ba70 | 5e0b 6564 | 8b0c 2500 | 0000 008b | 49f4 8b81 | d000 0000 | 8d78 203b | b9d8 0000 
  0x02c26ea4: 000f 87cf | 0500 0089 | b9d0 0000 | 00c7 0001 | 0000 0089 | 5004 33c9 | bf03 0000 | 0089 4cf8 
  0x02c26ec4: 0489 0cf8 | 4f75 f68b | 9424 8000 | 0000 891c | 248b c889 | 8424 a000 

  0x02c26edc: ;   {optimized virtual_call}
  0x02c26edc: 0000 90e8 

  0x02c26ee0: ; ImmutableOopMap {[108]=Oop [104]=Oop [156]=Oop [160]=Oop }
              ;*invokespecial <init> {reexecute=0 rethrow=0 return_oop=0}
              ; - java.net.URLClassLoader::defineClass@156 (line 515)
  0x02c26ee0: 2c9b baff 

  0x02c26ee4: ;   {runtime_call}
  0x02c26ee4: e827 3c47 | 6d8b 7424 | 788b 7c24 | 7c2b c61b | d789 8424 | a800 0000 | 8994 24ac 

  0x02c26f00: ;   {oop(a 'jdk/internal/perf/PerfCounter'{0x24a70618})}
  0x02c26f00: 0000 00be | 1806 a724 | 8d8c 24c8 | 0000 0089 | 7104 8b06 | 83c8 0189 | 01f0 0fb1 | 0e0f 8410 
  0x02c26f20: 0000 002b | c481 e003 | f0ff ff89 | 010f 8558 | 0500 008d | 8c24 d000 | 0000 8971 | 048b 0683 
  0x02c26f40: c801 8901 | f00f b10e | 0f84 1000 | 0000 2bc4 | 81e0 03f0 | ffff 8901 | 0f85 3e05 | 0000 8b4e 
  0x02c26f60: 0c3b 01ba | 0000 0000 | 89b4 24a4 

  0x02c26f6c: ;   {optimized virtual_call}
  0x02c26f6c: 0000 00e8 

  0x02c26f70: ; ImmutableOopMap {[108]=Oop [104]=Oop [156]=Oop [160]=Oop [164]=Oop [204]=Oop [212]=Oop }
              ;*invokevirtual get {reexecute=0 rethrow=0 return_oop=0}
              ; - jdk.internal.perf.PerfCounter::get@5 (line 84)
              ; - jdk.internal.perf.PerfCounter::add@1 (line 98)
              ; - jdk.internal.perf.PerfCounter::addElapsedTimeFrom@6 (line 120)
              ; - java.net.URLClassLoader::defineClass@165 (line 516)
  0x02c26f70: 9c9a baff | 8bca 8bd0 | 8d84 24d0 | 0000 008b | 3085 f60f | 840d 0000 | 008b 7804 | f00f b137 
  0x02c26f90: 0f85 1c05 | 0000 8bb4 | 24a4 0000 | 008b 760c 

  0x02c26fa0: ; implicit exception: dispatches to 0x02c274c6
  0x02c26fa0: 3b06 8bfa | 8b84 24a8 | 0000 008b | 9424 ac00 | 0000 03f8 | 13ca ba00 | 0000 0089 | 3c24 894c 
  0x02c26fc0: 2404 8bce 

  0x02c26fc4: ;   {optimized virtual_call}
  0x02c26fc4: 6666 90e8 

  0x02c26fc8: ; ImmutableOopMap {[108]=Oop [104]=Oop [156]=Oop [160]=Oop [204]=Oop }
              ;*invokevirtual put {reexecute=0 rethrow=0 return_oop=0}
              ; - jdk.internal.perf.PerfCounter::add@13 (line 99)
              ; - jdk.internal.perf.PerfCounter::addElapsedTimeFrom@6 (line 120)
              ; - java.net.URLClassLoader::defineClass@165 (line 516)
  0x02c26fc8: 449a baff | 8d84 24c8 | 0000 008b | 1085 d20f | 840d 0000 | 008b 4804 | f00f b111 | 0f85 e104 
  0x02c26fe8: 0000 8b94 | 24a0 0000 | 008b 4c24 

  0x02c26ff4: ;   {optimized virtual_call}
  0x02c26ff4: 6c66 90e8 

  0x02c26ff8: ; ImmutableOopMap {[108]=Oop [104]=Oop [156]=Oop [160]=Oop }
              ;*invokevirtual getProtectionDomain {reexecute=0 rethrow=0 return_oop=0}
              ; - java.security.SecureClassLoader::defineClass@5 (line 182)
              ; - java.net.URLClassLoader::defineClass@174 (line 517)
  0x02c26ff8: 149a baff | 8b54 2468 | 8bb4 249c | 0000 0089 | 3424 8944 | 2404 8b4c | 246c 89b4 | 249c 0000 
  0x02c27018: ;   {optimized virtual_call}
  0x02c27018: 0066 90e8 

  0x02c2701c: ; ImmutableOopMap {[108]=Oop [104]=Oop [160]=Oop [156]=Oop }
              ;*invokevirtual defineClass {reexecute=0 rethrow=0 return_oop=0}
              ; - java.security.SecureClassLoader::defineClass@8 (line 182)
              ; - java.net.URLClassLoader::defineClass@174 (line 517)
  0x02c2701c: f099 baff | 81c4 e800 | 0000 5d64 | 8b1c 2500 | 0000 008b 

  0x02c27030: ;   {poll_return}
  0x02c27030: 5bf4 3ba3 | 5002 0000 | 0f87 a104 | 0000 c38b | b424 f000 | 0000 8bce | 6690 b8ff 

  0x02c2704c: ;   {virtual_call}
  0x02c2704c: ffff ffe8 

  0x02c27050: ; ImmutableOopMap {[108]=Oop [104]=Oop [128]=Oop [240]=Oop }
              ;*invokevirtual getBytes {reexecute=0 rethrow=0 return_oop=0}
              ; - java.net.URLClassLoader::defineClass@179 (line 519)
  0x02c27050: d486 b8ff | 8984 24b0 | 0000 008b | 8c24 f000 | 0000 b8ff 

  0x02c27064: ;   {virtual_call}
  0x02c27064: ffff ffe8 

  0x02c27068: ; ImmutableOopMap {[108]=Oop [104]=Oop [128]=Oop [176]=Oop }
              ;*invokevirtual getCodeSigners {reexecute=0 rethrow=0 return_oop=0}
              ; - java.net.URLClassLoader::defineClass@185 (line 521)
  0x02c27068: 1888 b8ff 

  0x02c2706c: ;   {metadata('java/security/CodeSource')}
  0x02c2706c: 8bd8 ba70 | 5e0b 6564 | 8b0c 2500 | 0000 008b | 49f4 8b81 | d000 0000 | 8d78 203b | b9d8 0000 
  0x02c2708c: 000f 876b | 0400 0089 | b9d0 0000 | 00c7 0001 | 0000 0089 | 5004 33c9 | bf03 0000 | 0089 4cf8 
  0x02c270ac: 0489 0cf8 | 4f75 f68b | 9424 8000 | 0000 891c | 248b c889 | 8424 b400 

  0x02c270c4: ;   {optimized virtual_call}
  0x02c270c4: 0000 90e8 

  0x02c270c8: ; ImmutableOopMap {[108]=Oop [104]=Oop [176]=Oop [180]=Oop }
              ;*invokespecial <init> {reexecute=0 rethrow=0 return_oop=0}
              ; - java.net.URLClassLoader::defineClass@198 (line 522)
  0x02c270c8: b453 d5ff 

  0x02c270cc: ;   {runtime_call}
  0x02c270cc: e83f 3a47 | 6d8b 7424 | 788b 4c24 | 7c2b c61b | d189 8424 | c000 0000 | 8994 24c4 

  0x02c270e8: ;   {oop(a 'jdk/internal/perf/PerfCounter'{0x24a70618})}
  0x02c270e8: 0000 00be | 1806 a724 | 8d8c 24c8 | 0000 0089 | 7104 8b06 | 83c8 0189 | 01f0 0fb1 | 0e0f 8410 
  0x02c27108: 0000 002b | c481 e003 | f0ff ff89 | 010f 85f4 | 0300 008d | 8c24 d000 | 0000 8971 | 048b 0683 
  0x02c27128: c801 8901 | f00f b10e | 0f84 1000 | 0000 2bc4 | 81e0 03f0 | ffff 8901 | 0f85 da03 | 0000 8b4e 
  0x02c27148: 0c3b 01ba | 0000 0000 | 89b4 24b8 

  0x02c27154: ;   {optimized virtual_call}
  0x02c27154: 0000 00e8 

  0x02c27158: ; ImmutableOopMap {[108]=Oop [104]=Oop [176]=Oop [180]=Oop [184]=Oop [204]=Oop [212]=Oop }
              ;*invokevirtual get {reexecute=0 rethrow=0 return_oop=0}
              ; - jdk.internal.perf.PerfCounter::get@5 (line 84)
              ; - jdk.internal.perf.PerfCounter::add@1 (line 98)
              ; - jdk.internal.perf.PerfCounter::addElapsedTimeFrom@6 (line 120)
              ; - java.net.URLClassLoader::defineClass@207 (line 523)
  0x02c27158: d494 c7ff | 8bca 8bd0 | 8d84 24d0 | 0000 008b | 3085 f60f | 840d 0000 | 008b 7804 | f00f b137 
  0x02c27178: 0f85 b803 | 0000 8bb4 | 24b8 0000 | 008b 760c 

  0x02c27188: ; implicit exception: dispatches to 0x02c2754a
  0x02c27188: 3b06 8bfa | 8b84 24c0 | 0000 008b | 9424 c400 | 0000 03f8 | 13ca ba00 | 0000 0089 | 3c24 894c 
  0x02c271a8: 2404 8bce 

  0x02c271ac: ;   {optimized virtual_call}
  0x02c271ac: 6666 90e8 

  0x02c271b0: ; ImmutableOopMap {[108]=Oop [104]=Oop [176]=Oop [180]=Oop [204]=Oop }
              ;*invokevirtual put {reexecute=0 rethrow=0 return_oop=0}
              ; - jdk.internal.perf.PerfCounter::add@13 (line 99)
              ; - jdk.internal.perf.PerfCounter::addElapsedTimeFrom@6 (line 120)
              ; - java.net.URLClassLoader::defineClass@207 (line 523)
  0x02c271b0: bc35 c8ff | 8d84 24c8 | 0000 008b | 1085 d20f | 840d 0000 | 008b 4804 | f00f b111 | 0f85 7d03 
  0x02c271d0: 0000 8b84 | 24b0 0000 | 008b 7008 | 8b94 24b4 | 0000 008b | 4c24 6c89 | b424 bc00 

  0x02c271ec: ;   {optimized virtual_call}
  0x02c271ec: 0000 90e8 

  0x02c271f0: ; ImmutableOopMap {[108]=Oop [104]=Oop [180]=Oop [176]=Oop }
              ;*invokevirtual getProtectionDomain {reexecute=0 rethrow=0 return_oop=0}
              ; - java.security.SecureClassLoader::defineClass@9 (line 150)
              ; - java.net.URLClassLoader::defineClass@220 (line 524)
  0x02c271f0: 1c5a d5ff | 8b54 2468 | 8bb4 24b0 | 0000 0089 | 3424 c744 | 2404 0000 | 0000 8b8c | 24bc 0000 
  0x02c27210: 0089 4c24 | 0889 4424 | 0c8b 4c24 

  0x02c2721c: ;   {optimized virtual_call}
  0x02c2721c: 6c66 90e8 

  0x02c27220: ; ImmutableOopMap {[108]=Oop [104]=Oop [180]=Oop [176]=Oop }
              ;*invokevirtual defineClass {reexecute=0 rethrow=0 return_oop=0}
              ; - java.security.SecureClassLoader::defineClass@12 (line 150)
              ; - java.net.URLClassLoader::defineClass@220 (line 524)
  0x02c27220: 3c65 d5ff | 81c4 e800 | 0000 5d64 | 8b1c 2500 | 0000 008b 

  0x02c27234: ;   {poll_return}
  0x02c27234: 5bf4 3ba3 | 5002 0000 | 0f87 2603 | 0000 c38b | 4810 8b70 | 08ba 0000 | 0000 8934 

  0x02c27250: ;   {static_call}
  0x02c27250: 2466 90e8 

  0x02c27254: ; ImmutableOopMap {[140]=Oop }
              ;*invokestatic newString {reexecute=0 rethrow=0 return_oop=0}
              ; - java.lang.StringBuilder::toString@31 (line 454)
              ; - java.net.URLClassLoader::defineClass@124 (line 504)
  0x02c27254: 389c baff | 8bf0 8b84 | 248c 0000 | 008b d68b 

  0x02c27264: ;   {optimized virtual_call}
  0x02c27264: c866 90e8 

  0x02c27268: ; ImmutableOopMap {[140]=Oop }
              ;*invokespecial <init> {reexecute=0 rethrow=0 return_oop=0}
              ; - java.net.URLClassLoader::defineClass@127 (line 504)
  0x02c27268: a497 baff | 8b84 248c | 0000 00e9 | ca03 0000 | 648b 1425 | 0000 0000 | 8b52 f48b | 8284 0200 
  0x02c27288: 00c7 8284 | 0200 0000 | 0000 00c7 | 8288 0200 | 0000 0000 

  0x02c2729c: ;   {oop(a 'jdk/internal/perf/PerfCounter'{0x24a70618})}
  0x02c2729c: 008b d0b8 | 1806 a724 | 8d84 24d0 | 0000 008b | 3085 f60f | 840d 0000 | 008b 7804 | f00f b137 
  0x02c272bc: 0f85 c502 

  0x02c272c0: ; ImmutableOopMap {ecx=Oop [176]=Oop [108]=Oop [104]=Oop [204]=Oop eax=Oop }
              ;*invokevirtual get {reexecute=0 rethrow=0 return_oop=0}
              ; - jdk.internal.perf.PerfCounter::add@1 (line 98)
              ; - jdk.internal.perf.PerfCounter::addElapsedTimeFrom@6 (line 120)
              ; - java.net.URLClassLoader::defineClass@207 (line 523)
  0x02c272c0: 0000 8bc2 

  0x02c272c4: ;   {section_word}
  0x02c272c4: bac4 72c2 

  0x02c272c8: ;   {runtime_call handle_exception_nofpu Runtime1 stub}
  0x02c272c8: 02e8 82bc | b8ff 9064 | 8b14 2500 | 0000 008b | 52f4 8b82 | 8402 0000 | c782 8402 | 0000 0000 
  0x02c272e8: 0000 c782 | 8802 0000 | 0000 0000 

  0x02c272f4: ;   {oop(a 'jdk/internal/perf/PerfCounter'{0x24a70618})}
  0x02c272f4: 8bd0 b818 | 06a7 248d | 8424 c800 | 0000 8b30 | 85f6 0f84 | 0d00 0000 | 8b78 04f0 | 0fb1 370f 
  0x02c27314: 8582 0200 | 008b c2e9 | 2203 0000 | 8b54 2468 | 648b 3425 | 0000 0000 | 8b76 f48b | 8684 0200 
  0x02c27334: 00c7 8684 | 0200 0000 | 0000 00c7 | 8688 0200 | 0000 0000 

  0x02c27348: ;   {oop(a 'jdk/internal/perf/PerfCounter'{0x24a70618})}
  0x02c27348: 008b f0b8 | 1806 a724 | 8d84 24d0 | 0000 008b | 3885 ff0f | 840d 0000 | 008b 5804 | f00f b13b 
  0x02c27368: 0f85 4102 | 0000 8bc6 

  0x02c27370: ; ImmutableOopMap {[156]=Oop ecx=Oop [108]=Oop esi=Oop [104]=Oop [204]=Oop eax=Oop }
              ;*invokevirtual get {reexecute=0 rethrow=0 return_oop=0}
              ; - jdk.internal.perf.PerfCounter::add@1 (line 98)
              ; - jdk.internal.perf.PerfCounter::addElapsedTimeFrom@6 (line 120)
              ; - java.net.URLClassLoader::defineClass@165 (line 516)
              ;   {section_word}
  0x02c27370: 8bf2 ba72 

  0x02c27374: ;   {runtime_call handle_exception_nofpu Runtime1 stub}
  0x02c27374: 73c2 02e8 | d4bb b8ff | 9064 8b34 | 2500 0000 | 008b 76f4 | 8b86 8402 | 0000 c786 | 8402 0000 
  0x02c27394: 0000 0000 | c786 8802 | 0000 0000 | 0000 8bf0 

  0x02c273a4: ;   {oop(a 'jdk/internal/perf/PerfCounter'{0x24a70618})}
  0x02c273a4: b818 06a7 | 248d 8424 | c800 0000 | 8b38 85ff | 0f84 0d00 | 0000 8b58 | 04f0 0fb1 | 3b0f 85fc 
  0x02c273c4: 0100 008b | c6e9 7402 | 0000 648b | 3425 0000 | 0000 8b76 | f48b 8684 | 0200 00c7 | 8684 0200 
  0x02c273e4: 0000 0000 | 00c7 8688 | 0200 0000 | 0000 008b | f08d 8424 | c800 0000 | 8b38 85ff | 0f84 0d00 
  0x02c27404: 0000 8b58 | 04f0 0fb1 | 3b0f 85c4 | 0100 008b | c6e9 2802 

  0x02c27418: ;   {runtime_call throw_null_pointer_exception Runtime1 stub}
  0x02c27418: 0000 e8c1 

  0x02c2741c: ; ImmutableOopMap {[240]=Oop [108]=Oop esi=Oop [104]=Oop }
              ;*invokevirtual lastIndexOf {reexecute=0 rethrow=0 return_oop=0}
              ; - java.net.URLClassLoader::defineClass@7 (line 486)
              ;   {runtime_call throw_null_pointer_exception Runtime1 stub}
  0x02c2741c: c5b8 ffe8 

  0x02c27420: ; ImmutableOopMap {[240]=Oop [108]=Oop esi=Oop [104]=Oop edi=Oop }
              ;*arraylength {reexecute=0 rethrow=0 return_oop=0}
              ; - java.lang.String::length@4 (line 1481)
              ; - java.lang.String::lastIndexOf@3 (line 2451)
              ; - java.net.URLClassLoader::defineClass@7 (line 486)
  0x02c27420: bcc5 b8ff | 8974 2404 

  0x02c27428: ;   {runtime_call monitorenter_nofpu Runtime1 stub}
  0x02c27428: 890c 24e8 

  0x02c2742c: ; ImmutableOopMap {[108]=Oop [104]=Oop [128]=Oop esi=Oop [240]=Oop [204]=Oop }
              ;*synchronization entry
              ; - jdk.internal.loader.Resource::cachedInputStream@-1 (line 76)
              ; - jdk.internal.loader.Resource::getByteBuffer@1 (line 163)
              ; - java.net.URLClassLoader::defineClass@132 (line 511)
  0x02c2742c: 20b2 b8ff | e98a f7ff | ff8d 8424 | c800 0000 

  0x02c2743c: ;   {runtime_call monitorexit_nofpu Runtime1 stub}
  0x02c2743c: 8904 24e8 | ccaf b8ff | e9c6 f7ff | ff89 0c24 

  0x02c2744c: ;   {runtime_call throw_class_cast_exception Runtime1 stub}
  0x02c2744c: e84f b6b8 

  0x02c27450: ; ImmutableOopMap {[108]=Oop [104]=Oop [128]=Oop [240]=Oop }
              ;*checkcast {reexecute=0 rethrow=0 return_oop=0}
              ; - jdk.internal.loader.Resource::getByteBuffer@13 (line 165)
              ; - java.net.URLClassLoader::defineClass@132 (line 511)
              ;   {runtime_call throw_null_pointer_exception Runtime1 stub}
  0x02c27450: ffe8 8ac5 

  0x02c27454: ; ImmutableOopMap {[132]=Oop }
              ;*new {reexecute=0 rethrow=0 return_oop=0}
              ; - java.net.URLClassLoader::defineClass@103 (line 504)
  0x02c27454: b8ff 8bd2 

  0x02c27458: ;   {runtime_call fast_new_instance_init_check Runtime1 stub}
  0x02c27458: e873 c0b8 

  0x02c2745c: ; ImmutableOopMap {[132]=Oop }
              ;*new {reexecute=0 rethrow=0 return_oop=0}
              ; - java.net.URLClassLoader::defineClass@103 (line 504)
  0x02c2745c: ffe9 b4f8 | ffff 8bd2 

  0x02c27464: ;   {runtime_call fast_new_instance Runtime1 stub}
  0x02c27464: e8a7 c1b8 

  0x02c27468: ; ImmutableOopMap {[132]=Oop [140]=Oop }
              ;*new {reexecute=0 rethrow=0 return_oop=0}
              ; - java.net.URLClassLoader::defineClass@107 (line 504)
  0x02c27468: ffe9 f1f8 | ffff 8bd2 

  0x02c27470: ;   {runtime_call fast_new_instance Runtime1 stub}
  0x02c27470: e89b c1b8 

  0x02c27474: ; ImmutableOopMap {[140]=Oop ebx=Oop }
              ;*new {reexecute=0 rethrow=0 return_oop=0}
              ; - java.lang.StringLatin1::newString@7 (line 769)
              ; - java.lang.StringBuilder::toString@16 (line 453)
              ; - java.net.URLClassLoader::defineClass@124 (line 504)
  0x02c27474: ffe9 aef9 | ffff 8bd2 

  0x02c2747c: ;   {runtime_call fast_new_instance Runtime1 stub}
  0x02c2747c: e88f c1b8 

  0x02c27480: ; ImmutableOopMap {[108]=Oop [104]=Oop [128]=Oop [156]=Oop ebx=Oop }
              ;*new {reexecute=0 rethrow=0 return_oop=0}
              ; - java.net.URLClassLoader::defineClass@148 (line 515)
  0x02c27480: ffe9 45fa 

  0x02c27484: ;   {runtime_call throw_null_pointer_exception Runtime1 stub}
  0x02c27484: ffff e855 

  0x02c27488: ; ImmutableOopMap {[108]=Oop [104]=Oop [156]=Oop [160]=Oop esi=Oop }
              ;*synchronization entry
              ; - jdk.internal.perf.PerfCounter::add@-1 (line 98)
              ; - jdk.internal.perf.PerfCounter::addElapsedTimeFrom@6 (line 120)
              ; - java.net.URLClassLoader::defineClass@165 (line 516)
  0x02c27488: c5b8 ff89 | 7424 0489 

  0x02c27490: ;   {runtime_call monitorenter_nofpu Runtime1 stub}
  0x02c27490: 0c24 e8b9 

  0x02c27494: ; ImmutableOopMap {[108]=Oop [104]=Oop [156]=Oop [160]=Oop esi=Oop [204]=Oop }
              ;*synchronization entry
              ; - jdk.internal.perf.PerfCounter::add@-1 (line 98)
              ; - jdk.internal.perf.PerfCounter::addElapsedTimeFrom@6 (line 120)
              ; - java.net.URLClassLoader::defineClass@165 (line 516)
  0x02c27494: b1b8 ffe9 | 97fa ffff | 8974 2404 

  0x02c274a0: ;   {runtime_call monitorenter_nofpu Runtime1 stub}
  0x02c274a0: 890c 24e8 

  0x02c274a4: ; ImmutableOopMap {[108]=Oop [104]=Oop [156]=Oop [160]=Oop esi=Oop [204]=Oop [212]=Oop }
              ;*synchronization entry
              ; - jdk.internal.perf.PerfCounter::get@-1 (line 84)
              ; - jdk.internal.perf.PerfCounter::add@1 (line 98)
              ; - jdk.internal.perf.PerfCounter::addElapsedTimeFrom@6 (line 120)
              ; - java.net.URLClassLoader::defineClass@165 (line 516)
  0x02c274a4: a8b1 b8ff | e9b1 faff 

  0x02c274ac: ;   {runtime_call throw_null_pointer_exception Runtime1 stub}
  0x02c274ac: ffe8 2ec5 

  0x02c274b0: ; ImmutableOopMap {[108]=Oop [104]=Oop [156]=Oop [160]=Oop esi=Oop ecx=Oop [204]=Oop [212]=Oop }
              ;*invokevirtual get {reexecute=0 rethrow=0 return_oop=0}
              ; - jdk.internal.perf.PerfCounter::get@5 (line 84)
              ; - jdk.internal.perf.PerfCounter::add@1 (line 98)
              ; - jdk.internal.perf.PerfCounter::addElapsedTimeFrom@6 (line 120)
              ; - java.net.URLClassLoader::defineClass@165 (line 516)
  0x02c274b0: b8ff 8d84 | 24d0 0000 | 0089 0424 

  0x02c274bc: ;   {runtime_call monitorexit_nofpu Runtime1 stub}
  0x02c274bc: e84f afb8 | ffe9 d0fa 

  0x02c274c4: ;   {runtime_call throw_null_pointer_exception Runtime1 stub}
  0x02c274c4: ffff e815 

  0x02c274c8: ; ImmutableOopMap {[108]=Oop [104]=Oop [156]=Oop [160]=Oop esi=Oop [204]=Oop }
              ;*invokevirtual put {reexecute=0 rethrow=0 return_oop=0}
              ; - jdk.internal.perf.PerfCounter::add@13 (line 99)
              ; - jdk.internal.perf.PerfCounter::addElapsedTimeFrom@6 (line 120)
              ; - java.net.URLClassLoader::defineClass@165 (line 516)
  0x02c274c8: c5b8 ff8d | 8424 c800 | 0000 8904 

  0x02c274d4: ;   {runtime_call monitorexit_nofpu Runtime1 stub}
  0x02c274d4: 24e8 36af | b8ff e90b | fbff ff51 

  0x02c274e0: ;   {internal_word}
  0x02c274e0: 52b9 3270 | c202 648b | 1425 0000 | 0000 8b52 | f489 8a5c | 0200 005a 

  0x02c274f8: ;   {runtime_call SafepointBlob}
  0x02c274f8: 59e9 a2e3 | baff 8bd2 

  0x02c27500: ;   {runtime_call fast_new_instance Runtime1 stub}
  0x02c27500: e80b c1b8 

  0x02c27504: ; ImmutableOopMap {[108]=Oop [104]=Oop [128]=Oop [176]=Oop ebx=Oop }
              ;*new {reexecute=0 rethrow=0 return_oop=0}
              ; - java.net.URLClassLoader::defineClass@190 (line 522)
  0x02c27504: ffe9 a9fb 

  0x02c27508: ;   {runtime_call throw_null_pointer_exception Runtime1 stub}
  0x02c27508: ffff e8d1 

  0x02c2750c: ; ImmutableOopMap {[108]=Oop [104]=Oop [176]=Oop [180]=Oop esi=Oop }
              ;*synchronization entry
              ; - jdk.internal.perf.PerfCounter::add@-1 (line 98)
              ; - jdk.internal.perf.PerfCounter::addElapsedTimeFrom@6 (line 120)
              ; - java.net.URLClassLoader::defineClass@207 (line 523)
  0x02c2750c: c4b8 ff89 | 7424 0489 

  0x02c27514: ;   {runtime_call monitorenter_nofpu Runtime1 stub}
  0x02c27514: 0c24 e835 

  0x02c27518: ; ImmutableOopMap {[108]=Oop [104]=Oop [176]=Oop [180]=Oop esi=Oop [204]=Oop }
              ;*synchronization entry
              ; - jdk.internal.perf.PerfCounter::add@-1 (line 98)
              ; - jdk.internal.perf.PerfCounter::addElapsedTimeFrom@6 (line 120)
              ; - java.net.URLClassLoader::defineClass@207 (line 523)
  0x02c27518: b1b8 ffe9 | fbfb ffff | 8974 2404 

  0x02c27524: ;   {runtime_call monitorenter_nofpu Runtime1 stub}
  0x02c27524: 890c 24e8 

  0x02c27528: ; ImmutableOopMap {[108]=Oop [104]=Oop [176]=Oop [180]=Oop esi=Oop [204]=Oop [212]=Oop }
              ;*synchronization entry
              ; - jdk.internal.perf.PerfCounter::get@-1 (line 84)
              ; - jdk.internal.perf.PerfCounter::add@1 (line 98)
              ; - jdk.internal.perf.PerfCounter::addElapsedTimeFrom@6 (line 120)
              ; - java.net.URLClassLoader::defineClass@207 (line 523)
  0x02c27528: 24b1 b8ff | e915 fcff 

  0x02c27530: ;   {runtime_call throw_null_pointer_exception Runtime1 stub}
  0x02c27530: ffe8 aac4 

  0x02c27534: ; ImmutableOopMap {[108]=Oop [104]=Oop [176]=Oop [180]=Oop esi=Oop ecx=Oop [204]=Oop [212]=Oop }
              ;*invokevirtual get {reexecute=0 rethrow=0 return_oop=0}
              ; - jdk.internal.perf.PerfCounter::get@5 (line 84)
              ; - jdk.internal.perf.PerfCounter::add@1 (line 98)
              ; - jdk.internal.perf.PerfCounter::addElapsedTimeFrom@6 (line 120)
              ; - java.net.URLClassLoader::defineClass@207 (line 523)
  0x02c27534: b8ff 8d84 | 24d0 0000 | 0089 0424 

  0x02c27540: ;   {runtime_call monitorexit_nofpu Runtime1 stub}
  0x02c27540: e8cb aeb8 | ffe9 34fc 

  0x02c27548: ;   {runtime_call throw_null_pointer_exception Runtime1 stub}
  0x02c27548: ffff e891 

  0x02c2754c: ; ImmutableOopMap {[108]=Oop [104]=Oop [176]=Oop [180]=Oop esi=Oop [204]=Oop }
              ;*invokevirtual put {reexecute=0 rethrow=0 return_oop=0}
              ; - jdk.internal.perf.PerfCounter::add@13 (line 99)
              ; - jdk.internal.perf.PerfCounter::addElapsedTimeFrom@6 (line 120)
              ; - java.net.URLClassLoader::defineClass@207 (line 523)
  0x02c2754c: c4b8 ff8d | 8424 c800 | 0000 8904 

  0x02c27558: ;   {runtime_call monitorexit_nofpu Runtime1 stub}
  0x02c27558: 24e8 b2ae | b8ff e96f 

  0x02c27560: ;   {runtime_call throw_null_pointer_exception Runtime1 stub}
  0x02c27560: fcff ffe8 

  0x02c27564: ; ImmutableOopMap {[108]=Oop [104]=Oop [180]=Oop eax=Oop [176]=Oop }
              ;*arraylength {reexecute=0 rethrow=0 return_oop=0}
              ; - java.net.URLClassLoader::defineClass@217 (line 524)
  0x02c27564: 78c4 b8ff 

  0x02c27568: ;   {internal_word}
  0x02c27568: 5152 b936 | 72c2 0264 | 8b14 2500 | 0000 008b | 52f4 898a | 5c02 0000 

  0x02c27580: ;   {runtime_call SafepointBlob}
  0x02c27580: 5a59 e919 | e3ba ff8d | 8424 d000 | 0000 8904 

  0x02c27590: ;   {runtime_call monitorexit_nofpu Runtime1 stub}
  0x02c27590: 24e8 7aae | b8ff e927 | fdff ff8d | 8424 c800 | 0000 8904 

  0x02c275a4: ;   {runtime_call monitorexit_nofpu Runtime1 stub}
  0x02c275a4: 24e8 66ae | b8ff e96a | fdff ff8d | 8424 d000 | 0000 8904 

  0x02c275b8: ;   {runtime_call monitorexit_nofpu Runtime1 stub}
  0x02c275b8: 24e8 52ae | b8ff e9ab | fdff ff8d | 8424 c800 | 0000 8904 

  0x02c275cc: ;   {runtime_call monitorexit_nofpu Runtime1 stub}
  0x02c275cc: 24e8 3eae | b8ff e9f0 | fdff ff8d | 8424 c800 | 0000 8904 

  0x02c275e0: ;   {runtime_call monitorexit_nofpu Runtime1 stub}
  0x02c275e0: 24e8 2aae | b8ff e928 | feff ff8b | 8c24 a000 | 0000 e929 | fdff ff8b | 8c24 b400 | 0000 e975 
  0x02c27600: fcff ff8b | 8c24 a000 | 0000 e911 | fdff ff8b | 8c24 b400 | 0000 e95d | fcff ff90 | 9064 8b34 
  0x02c27620: 2500 0000 | 008b 76f4 | 8b86 8402 | 0000 c786 | 8402 0000 | 0000 0000 | c786 8802 | 0000 0000 
  0x02c27640: 0000 81c4 | e800 0000 

  0x02c27648: ;   {runtime_call unwind_exception Runtime1 stub}
  0x02c27648: 5de9 c2c9 | b8ff f4f4 
[Stub Code]
  0x02c27650: ;   {no_reloc}
  0x02c27650: 6690 bb00 

  0x02c27654: ;   {runtime_call}
  0x02c27654: 0000 00e9 | fbff ffff 

  0x02c2765c: ;   {static_stub}
  0x02c2765c: 6690 bb00 

  0x02c27660: ;   {runtime_call}
  0x02c27660: 0000 00e9 | fbff ffff 

  0x02c27668: ;   {static_stub}
  0x02c27668: 6690 bb00 

  0x02c2766c: ;   {runtime_call}
  0x02c2766c: 0000 00e9 | fbff ffff 

  0x02c27674: ;   {static_stub}
  0x02c27674: 6690 bb00 

  0x02c27678: ;   {runtime_call}
  0x02c27678: 0000 00e9 | fbff ffff 

  0x02c27680: ;   {static_stub}
  0x02c27680: 6690 bb00 

  0x02c27684: ;   {runtime_call}
  0x02c27684: 0000 00e9 | fbff ffff 

  0x02c2768c: ;   {static_stub}
  0x02c2768c: 6690 bb00 

  0x02c27690: ;   {runtime_call}
  0x02c27690: 0000 00e9 | fbff ffff 

  0x02c27698: ;   {static_stub}
  0x02c27698: 6690 bb00 

  0x02c2769c: ;   {runtime_call}
  0x02c2769c: 0000 00e9 | fbff ffff 

  0x02c276a4: ;   {static_stub}
  0x02c276a4: 6690 bb00 

  0x02c276a8: ;   {runtime_call}
  0x02c276a8: 0000 00e9 | fbff ffff 

  0x02c276b0: ;   {static_stub}
  0x02c276b0: 6690 bb00 

  0x02c276b4: ;   {runtime_call}
  0x02c276b4: 0000 00e9 | fbff ffff 

  0x02c276bc: ;   {static_stub}
  0x02c276bc: 6690 bb00 

  0x02c276c0: ;   {runtime_call}
  0x02c276c0: 0000 00e9 | fbff ffff 

  0x02c276c8: ;   {static_stub}
  0x02c276c8: 6690 bb00 

  0x02c276cc: ;   {runtime_call}
  0x02c276cc: 0000 00e9 | fbff ffff 

  0x02c276d4: ;   {static_stub}
  0x02c276d4: 6690 bb00 

  0x02c276d8: ;   {runtime_call}
  0x02c276d8: 0000 00e9 | fbff ffff 

  0x02c276e0: ;   {static_stub}
  0x02c276e0: 6690 bb00 

  0x02c276e4: ;   {runtime_call}
  0x02c276e4: 0000 00e9 | fbff ffff 

  0x02c276ec: ;   {static_stub}
  0x02c276ec: 6690 bb00 

  0x02c276f0: ;   {runtime_call}
  0x02c276f0: 0000 00e9 | fbff ffff 

  0x02c276f8: ;   {static_stub}
  0x02c276f8: 6690 bb00 

  0x02c276fc: ;   {runtime_call}
  0x02c276fc: 0000 00e9 | fbff ffff 

  0x02c27704: ;   {static_stub}
  0x02c27704: 6690 bb00 

  0x02c27708: ;   {runtime_call}
  0x02c27708: 0000 00e9 | fbff ffff 

  0x02c27710: ;   {static_stub}
  0x02c27710: 6690 bb00 

  0x02c27714: ;   {runtime_call}
  0x02c27714: 0000 00e9 | fbff ffff 

  0x02c2771c: ;   {static_stub}
  0x02c2771c: 6690 bb00 

  0x02c27720: ;   {runtime_call}
  0x02c27720: 0000 00e9 | fbff ffff 

  0x02c27728: ;   {static_stub}
  0x02c27728: 6690 bb00 

  0x02c2772c: ;   {runtime_call}
  0x02c2772c: 0000 00e9 | fbff ffff 

  0x02c27734: ;   {static_stub}
  0x02c27734: 6690 bb00 

  0x02c27738: ;   {runtime_call}
  0x02c27738: 0000 00e9 | fbff ffff 

  0x02c27740: ;   {static_stub}
  0x02c27740: 6690 bb00 

  0x02c27744: ;   {runtime_call}
  0x02c27744: 0000 00e9 | fbff ffff 

  0x02c2774c: ;   {static_stub}
  0x02c2774c: 6690 bb00 

  0x02c27750: ;   {runtime_call}
  0x02c27750: 0000 00e9 | fbff ffff 

  0x02c27758: ;   {static_stub}
  0x02c27758: 6690 bb00 

  0x02c2775c: ;   {runtime_call}
  0x02c2775c: 0000 00e9 | fbff ffff 

  0x02c27764: ;   {static_stub}
  0x02c27764: 6690 bb00 

  0x02c27768: ;   {runtime_call}
  0x02c27768: 0000 00e9 | fbff ffff 

  0x02c27770: ;   {static_stub}
  0x02c27770: 6690 bb00 

  0x02c27774: ;   {runtime_call}
  0x02c27774: 0000 00e9 | fbff ffff 

  0x02c2777c: ;   {static_stub}
  0x02c2777c: 6690 bb00 

  0x02c27780: ;   {runtime_call}
  0x02c27780: 0000 00e9 | fbff ffff 

  0x02c27788: ;   {static_stub}
  0x02c27788: 6690 bb00 

  0x02c2778c: ;   {runtime_call}
  0x02c2778c: 0000 00e9 | fbff ffff 

  0x02c27794: ;   {static_stub}
  0x02c27794: 6690 bb00 

  0x02c27798: ;   {runtime_call}
  0x02c27798: 0000 00e9 | fbff ffff 

  0x02c277a0: ;   {static_stub}
  0x02c277a0: 6690 bb00 

  0x02c277a4: ;   {runtime_call}
  0x02c277a4: 0000 00e9 | fbff ffff 

  0x02c277ac: ;   {static_stub}
  0x02c277ac: 6690 bb00 

  0x02c277b0: ;   {runtime_call}
  0x02c277b0: 0000 00e9 | fbff ffff 
[Exception Handler]
  0x02c277b8: ;   {runtime_call handle_exception_from_callee Runtime1 stub}
  0x02c277b8: e853 b5b8 

  0x02c277bc: ;   {external_word}
  0x02c277bc: ff68 30b7 | 1c70 e800 | 0000 0060 

  0x02c277c8: ;   {runtime_call}
  0x02c277c8: e893 1740 

  0x02c277cc: ;   {section_word}
  0x02c277cc: 6df4 68ce 

  0x02c277d0: ;   {runtime_call DeoptimizationBlob}
  0x02c277d0: 77c2 02e9 | 68da baff 
[/MachCode]


---------------  P R O C E S S  ---------------

Threads class SMR info:
_java_thread_list=0x6f6f55e8, length=293, elements={
0x00f64a38, 0x66028608, 0x66029898, 0x66060c10,
0x66061830, 0x66062450, 0x66019ef8, 0x6601b2a0,
0x6601ec70, 0x00ff8d10, 0x661eef20, 0x67a3cfa8,
0x67ab0cc8, 0x679a6e40, 0x67b6c068, 0x67b6ca60,
0x67b6e128, 0x67b982e8, 0x67b992b0, 0x67b99900,
0x67b98610, 0x67b98f88, 0x67b995d8, 0x67b97c98,
0x67b98c60, 0x67ee1fe8, 0x67edf6e0, 0x67ee2638,
0x67ee09d0, 0x67edf090, 0x67ee2310, 0x67edf3b8,
0x67ee2960, 0x67ee0058, 0x67ee0cf8, 0x67ee06a8,
0x67ee1020, 0x67edfd30, 0x67ee1670, 0x67ee1998,
0x6abe12a0, 0x6abe2590, 0x6abdecc0, 0x6abe0f78,
0x6abdf310, 0x6abdffb0, 0x6abdf638, 0x6abde998,
0x6abe18f0, 0x6abe02d8, 0x6abdefe8, 0x6abe1c18,
0x6abe15c8, 0x6abe1f40, 0x6abdf960, 0x6abdfc88,
0x6abe2268, 0x6abe0600, 0x6abe0928, 0x6abe0c50,
0x6ac5f108, 0x6ac60720, 0x6ac5e140, 0x6ac5f758,
0x6ac5eab8, 0x6ac60a48, 0x6ac5e790, 0x6ac60d70,
0x6ac600d0, 0x6ac61098, 0x6ac5e468, 0x6ac57420,
0x6ac570f8, 0x6ac596d8, 0x6ac593b0, 0x6ac58a38,
0x6ac58710, 0x6ac57748, 0x6ac57d98, 0x6ac57a70,
0x6ac583e8, 0x6ac59a00, 0x6ac580c0, 0x6ac58d60,
0x6ac59d28, 0x6ac56780, 0x6ac56458, 0x6ac56130,
0x6ac56aa8, 0x6ac59088, 0x6ac56dd0, 0x6ac61d38,
0x6ac5ede0, 0x6ac613c0, 0x6ac61a10, 0x6e9eeda0,
0x6e9f1cf8, 0x6e9efa40, 0x6e9f2020, 0x6e9f0a08,
0x6e9f19d0, 0x6e9ee428, 0x6ef0a040, 0x6ef0a9b8,
0x6ef096c8, 0x6ef0b330, 0x6ef0b008, 0x6ef0cc70,
0x6ef0bfd0, 0x6ef0c2f8, 0x6ef0bca8, 0x6ef0cf98,
0x6ef0b658, 0x6ef0c620, 0x6ef0c948, 0x6ef0ace0,
0x6ef0b980, 0x6ef0d2c0, 0x6ef099f0, 0x6ef0a368,
0x6ef09d18, 0x6f00b6e8, 0x6f00ad70, 0x6f008de0,
0x6f00a720, 0x6f00ba10, 0x6f00bd38, 0x6f009a80,
0x6f009108, 0x6f00b098, 0x6f00a3f8, 0x6f00b3c0,
0x6f00c060, 0x6f009430, 0x6f00c388, 0x6f00c6b0,
0x6f00aa48, 0x6f00c9d8, 0x6f009758, 0x6f009da8,
0x6f00a0d0, 0x6f0b6350, 0x6f0b8930, 0x6f0b6678,
0x6f0b7fb8, 0x6f0b6cc8, 0x6f0b7c90, 0x6f0b69a0,
0x6f0b6ff0, 0x6f0b8608, 0x6f0b82e0, 0x6f0b7318,
0x6f0b7640, 0x6f0b8c58, 0x6f0b7968, 0x6f0b8f80,
0x6f0b92a8, 0x6f0b95d0, 0x6f0b98f8, 0x6f0b9c20,
0x6f0b9f48, 0x6f1adeb0, 0x6f1ae828, 0x6f1aeb50,
0x6f1ae1d8, 0x6f1aee78, 0x6f1af1a0, 0x6f1ae500,
0x6f1af4c8, 0x6f1ab5a8, 0x6f1a9f90, 0x6f1a9c68,
0x6f1a92f0, 0x6f1a8978, 0x6f1a8328, 0x6f1a8650,
0x6f1aa5e0, 0x6f1a9618, 0x6f1aa2b8, 0x6f1a7cd8,
0x6f1a8ca0, 0x6f1a8000, 0x6f1aa908, 0x6f1ac570,
0x6f1aac30, 0x6f1ab8d0, 0x6f1abbf8, 0x6f1ab280,
0x6f1acbc0, 0x6f1a8fc8, 0x6f1aaf58, 0x6f1acee8,
0x6f1ad210, 0x6f1abf20, 0x6f1ac898, 0x6f1ac248,
0x6f1ad538, 0x6f1a9940, 0x6f1ad860, 0x6f2637c0,
0x6f263170, 0x6f263ae8, 0x6f2627f8, 0x6f260b90,
0x6f2624d0, 0x6f263e10, 0x6f261830, 0x6f262e48,
0x6f2611e0, 0x6f261b58, 0x6f264138, 0x6f264460,
0x6f264788, 0x6f261e80, 0x6f264ab0, 0x6f262b20,
0x6f263498, 0x6f2621a8, 0x6f264dd8, 0x6f265100,
0x6f261508, 0x6f265428, 0x6f265750, 0x6f265a78,
0x6f2663f0, 0x6f266d68, 0x6f265da0, 0x6f2660c8,
0x6f266718, 0x6f266a40, 0x6f267d30, 0x6f2673b8,
0x6f268380, 0x6f267a08, 0x6f268058, 0x6f2676e0,
0x6f267090, 0x6f1adb88, 0x6f2444a0, 0x6f242e88,
0x6f244178, 0x6f245ab8, 0x6f2447c8, 0x6f245de0,
0x6f244e18, 0x6f246108, 0x6f2431b0, 0x6f244af0,
0x6f2434d8, 0x6f243800, 0x6f245140, 0x6f243b28,
0x6f243e50, 0x6f242838, 0x6f245468, 0x6f245790,
0x6f246430, 0x6f242b60, 0x6f467830, 0x6f4684d0,
0x6f4671e0, 0x6f466eb8, 0x6f467b58, 0x6f467e80,
0x6f4681a8, 0x6f461ca8, 0x6f461330, 0x6f463910,
0x6f4632c0, 0x6f462620, 0x6f461658, 0x6f461008,
0x6f462f98, 0x6f461980, 0x6f462c70, 0x6f463c38,
0x6f461fd0, 0x6f463f60, 0x6f4622f8, 0x6f462948,
0x6f464288, 0x6f4635e8, 0x6f460ce0, 0x6f4648d8,
0x6f464c00, 0x6f465250, 0x6f465ef0, 0x6f466218,
0x6f464f28, 0x6f465578, 0x6f465bc8, 0x6f4658a0,
0x6f466868
}

Java Threads: ( => current thread )
  0x00f64a38 JavaThread "main" [_thread_blocked, id=28900, stack(0x00c60000,0x00cb0000)]
  0x66028608 JavaThread "Reference Handler" daemon [_thread_blocked, id=21576, stack(0x04860000,0x048b0000)]
  0x66029898 JavaThread "Finalizer" daemon [_thread_blocked, id=13268, stack(0x048f0000,0x04940000)]
  0x66060c10 JavaThread "Signal Dispatcher" daemon [_thread_blocked, id=28704, stack(0x04980000,0x049d0000)]
  0x66061830 JavaThread "Attach Listener" daemon [_thread_blocked, id=28468, stack(0x64f60000,0x64fb0000)]
  0x66062450 JavaThread "Service Thread" daemon [_thread_blocked, id=1380, stack(0x66330000,0x66380000)]
  0x66019ef8 JavaThread "Monitor Deflation Thread" daemon [_thread_blocked, id=10868, stack(0x663c0000,0x66410000)]
  0x6601b2a0 JavaThread "C1 CompilerThread0" daemon [_thread_blocked, id=20008, stack(0x66450000,0x664a0000)]
  0x6601ec70 JavaThread "Sweeper thread" daemon [_thread_blocked, id=21008, stack(0x664e0000,0x66530000)]
  0x00ff8d10 JavaThread "Common-Cleaner" daemon [_thread_blocked, id=28960, stack(0x66570000,0x665c0000)]
  0x661eef20 JavaThread "Notification Thread" daemon [_thread_blocked, id=21476, stack(0x66600000,0x66650000)]
  0x67a3cfa8 JavaThread "Daemon health stats" [_thread_blocked, id=22724, stack(0x682f0000,0x68340000)]
  0x67ab0cc8 JavaThread "Incoming local TCP Connector on port 58963" [_thread_in_native, id=18076, stack(0x686c0000,0x68710000)]
  0x679a6e40 JavaThread "Daemon periodic checks" [_thread_blocked, id=6548, stack(0x688c0000,0x68910000)]
  0x67b6c068 JavaThread "Daemon" [_thread_blocked, id=27968, stack(0x68950000,0x689a0000)]
  0x67b6ca60 JavaThread "Handler for socket connection from /127.0.0.1:58963 to /127.0.0.1:58964" [_thread_in_native, id=1484, stack(0x68a50000,0x68aa0000)]
  0x67b6e128 JavaThread "Cancel handler" [_thread_blocked, id=28944, stack(0x68ae0000,0x68b30000)]
  0x67b982e8 JavaThread "Daemon worker" [_thread_blocked, id=6728, stack(0x68b70000,0x68bc0000)]
  0x67b992b0 JavaThread "Asynchronous log dispatcher for DefaultDaemonConnection: socket connection from /127.0.0.1:58963 to /127.0.0.1:58964" [_thread_blocked, id=18592, stack(0x68c00000,0x68c50000)]
  0x67b99900 JavaThread "Stdin handler" [_thread_blocked, id=25428, stack(0x68c90000,0x68ce0000)]
  0x67b98610 JavaThread "Daemon client event forwarder" [_thread_blocked, id=18516, stack(0x68d20000,0x68d70000)]
  0x67b98f88 JavaThread "Cache worker for journal cache (C:\Users\pedro.queblas\.gradle\caches\journal-1)" [_thread_blocked, id=5132, stack(0x68db0000,0x68e00000)]
  0x67b995d8 JavaThread "File lock request listener" [_thread_in_native, id=5576, stack(0x68e40000,0x68e90000)]
  0x67b97c98 JavaThread "Cache worker for file hash cache (C:\Users\pedro.queblas\.gradle\caches\8.11.1\fileHashes)" [_thread_blocked, id=28876, stack(0x68ed0000,0x68f20000)]
  0x67b98c60 JavaThread "Cache worker for file content cache (C:\Users\pedro.queblas\.gradle\caches\8.11.1\fileContent)" [_thread_blocked, id=28184, stack(0x68f60000,0x68fb0000)]
  0x67ee1fe8 JavaThread "Cache worker for file hash cache (C:\Users\pedro.queblas\Desktop\GymTracker\android-twa\.gradle\8.11.1\fileHashes)" [_thread_blocked, id=26184, stack(0x6a000000,0x6a050000)]
  0x67edf6e0 JavaThread "Cache worker for Build Output Cleanup Cache (C:\Users\pedro.queblas\Desktop\GymTracker\android-twa\.gradle\buildOutputCleanup)" [_thread_blocked, id=8644, stack(0x6a090000,0x6a0e0000)]
  0x67ee2638 JavaThread "File watcher server" daemon [_thread_in_native, id=7944, stack(0x6a120000,0x6a170000)]
  0x67ee09d0 JavaThread "File watcher consumer" daemon [_thread_blocked, id=28352, stack(0x6a1b0000,0x6a200000)]
  0x67edf090 JavaThread "Cache worker for checksums cache (C:\Users\pedro.queblas\Desktop\GymTracker\android-twa\.gradle\8.11.1\checksums)" [_thread_blocked, id=29500, stack(0x6a240000,0x6a290000)]
  0x67ee2310 JavaThread "Cache worker for cache directory md-rule (C:\Users\pedro.queblas\.gradle\caches\8.11.1\md-rule)" [_thread_blocked, id=22012, stack(0x6a2d0000,0x6a320000)]
  0x67edf3b8 JavaThread "Cache worker for cache directory md-supplier (C:\Users\pedro.queblas\.gradle\caches\8.11.1\md-supplier)" [_thread_blocked, id=24880, stack(0x6a360000,0x6a3b0000)]
  0x67ee2960 JavaThread "jar transforms" [_thread_blocked, id=24260, stack(0x6b3c0000,0x6b410000)]
  0x67ee0058 JavaThread "jar transforms Thread 2" [_thread_blocked, id=6004, stack(0x6b450000,0x6b4a0000)]
  0x67ee0cf8 JavaThread "jar transforms Thread 3" [_thread_blocked, id=14008, stack(0x6b4e0000,0x6b530000)]
  0x67ee06a8 JavaThread "Problems report writer" [_thread_blocked, id=15308, stack(0x6b570000,0x6b5c0000)]
  0x67ee1020 JavaThread "Unconstrained build operations" [_thread_blocked, id=5500, stack(0x6b600000,0x6b650000)]
  0x67edfd30 JavaThread "Unconstrained build operations Thread 2" [_thread_blocked, id=19368, stack(0x6b690000,0x6b6e0000)]
  0x67ee1670 JavaThread "Unconstrained build operations Thread 3" [_thread_blocked, id=24944, stack(0x6b720000,0x6b770000)]
  0x67ee1998 JavaThread "Unconstrained build operations Thread 4" [_thread_blocked, id=22988, stack(0x6b7b0000,0x6b800000)]
  0x6abe12a0 JavaThread "Unconstrained build operations Thread 5" [_thread_blocked, id=23464, stack(0x6b840000,0x6b890000)]
  0x6abe2590 JavaThread "Unconstrained build operations Thread 6" [_thread_blocked, id=24928, stack(0x6b8d0000,0x6b920000)]
  0x6abdecc0 JavaThread "Unconstrained build operations Thread 7" [_thread_blocked, id=21936, stack(0x6b960000,0x6b9b0000)]
  0x6abe0f78 JavaThread "Unconstrained build operations Thread 8" [_thread_blocked, id=2852, stack(0x6b9f0000,0x6ba40000)]
  0x6abdf310 JavaThread "Unconstrained build operations Thread 9" [_thread_blocked, id=10800, stack(0x6ba80000,0x6bad0000)]
  0x6abdffb0 JavaThread "Unconstrained build operations Thread 10" [_thread_blocked, id=25640, stack(0x6bb10000,0x6bb60000)]
  0x6abdf638 JavaThread "Unconstrained build operations Thread 11" [_thread_blocked, id=3200, stack(0x6bba0000,0x6bbf0000)]
  0x6abde998 JavaThread "Unconstrained build operations Thread 12" [_thread_blocked, id=20564, stack(0x6bc30000,0x6bc80000)]
  0x6abe18f0 JavaThread "Unconstrained build operations Thread 13" [_thread_blocked, id=25684, stack(0x6bcc0000,0x6bd10000)]
  0x6abe02d8 JavaThread "Unconstrained build operations Thread 14" [_thread_blocked, id=2952, stack(0x6bd50000,0x6bda0000)]
  0x6abdefe8 JavaThread "Unconstrained build operations Thread 15" [_thread_blocked, id=28412, stack(0x6bde0000,0x6be30000)]
  0x6abe1c18 JavaThread "Unconstrained build operations Thread 16" [_thread_blocked, id=27176, stack(0x6be70000,0x6bec0000)]
  0x6abe15c8 JavaThread "Unconstrained build operations Thread 17" [_thread_blocked, id=17988, stack(0x6bf00000,0x6bf50000)]
  0x6abe1f40 JavaThread "Unconstrained build operations Thread 18" [_thread_blocked, id=26280, stack(0x6bf90000,0x6bfe0000)]
  0x6abdf960 JavaThread "Unconstrained build operations Thread 19" [_thread_blocked, id=7100, stack(0x6d040000,0x6d090000)]
  0x6abdfc88 JavaThread "Unconstrained build operations Thread 20" [_thread_blocked, id=18972, stack(0x6d0d0000,0x6d120000)]
  0x6abe2268 JavaThread "Unconstrained build operations Thread 21" [_thread_blocked, id=9656, stack(0x6d160000,0x6d1b0000)]
  0x6abe0600 JavaThread "Unconstrained build operations Thread 22" [_thread_blocked, id=14052, stack(0x6d1f0000,0x6d240000)]
  0x6abe0928 JavaThread "Unconstrained build operations Thread 23" [_thread_blocked, id=25416, stack(0x6d280000,0x6d2d0000)]
  0x6abe0c50 JavaThread "Unconstrained build operations Thread 24" [_thread_blocked, id=17200, stack(0x6d410000,0x6d460000)]
  0x6ac5f108 JavaThread "Unconstrained build operations Thread 25" [_thread_blocked, id=16740, stack(0x6d4a0000,0x6d4f0000)]
  0x6ac60720 JavaThread "Unconstrained build operations Thread 26" [_thread_blocked, id=27052, stack(0x6d530000,0x6d580000)]
  0x6ac5e140 JavaThread "Unconstrained build operations Thread 27" [_thread_blocked, id=22036, stack(0x6d5c0000,0x6d610000)]
  0x6ac5f758 JavaThread "Unconstrained build operations Thread 28" [_thread_blocked, id=28572, stack(0x6d650000,0x6d6a0000)]
  0x6ac5eab8 JavaThread "Unconstrained build operations Thread 29" [_thread_blocked, id=23692, stack(0x6d6e0000,0x6d730000)]
  0x6ac60a48 JavaThread "Unconstrained build operations Thread 30" [_thread_blocked, id=4912, stack(0x6d770000,0x6d7c0000)]
  0x6ac5e790 JavaThread "Unconstrained build operations Thread 31" [_thread_blocked, id=2316, stack(0x6d800000,0x6d850000)]
  0x6ac60d70 JavaThread "Unconstrained build operations Thread 32" [_thread_blocked, id=22304, stack(0x6d890000,0x6d8e0000)]
  0x6ac600d0 JavaThread "Unconstrained build operations Thread 33" [_thread_blocked, id=27908, stack(0x6d920000,0x6d970000)]
  0x6ac61098 JavaThread "Unconstrained build operations Thread 34" [_thread_blocked, id=21896, stack(0x6d9b0000,0x6da00000)]
  0x6ac5e468 JavaThread "Unconstrained build operations Thread 35" [_thread_blocked, id=28172, stack(0x6da40000,0x6da90000)]
  0x6ac57420 JavaThread "Unconstrained build operations Thread 36" [_thread_blocked, id=27308, stack(0x6dad0000,0x6db20000)]
  0x6ac570f8 JavaThread "Unconstrained build operations Thread 37" [_thread_blocked, id=20804, stack(0x6db60000,0x6dbb0000)]
  0x6ac596d8 JavaThread "Unconstrained build operations Thread 38" [_thread_blocked, id=29476, stack(0x6dbf0000,0x6dc40000)]
  0x6ac593b0 JavaThread "Unconstrained build operations Thread 39" [_thread_blocked, id=28764, stack(0x6dc80000,0x6dcd0000)]
  0x6ac58a38 JavaThread "Unconstrained build operations Thread 40" [_thread_blocked, id=25484, stack(0x6dd10000,0x6dd60000)]
  0x6ac58710 JavaThread "Unconstrained build operations Thread 41" [_thread_blocked, id=2284, stack(0x6dda0000,0x6ddf0000)]
  0x6ac57748 JavaThread "Unconstrained build operations Thread 42" [_thread_blocked, id=8688, stack(0x6de30000,0x6de80000)]
  0x6ac57d98 JavaThread "Unconstrained build operations Thread 43" [_thread_blocked, id=14140, stack(0x6dec0000,0x6df10000)]
  0x6ac57a70 JavaThread "Unconstrained build operations Thread 44" [_thread_blocked, id=26344, stack(0x6df50000,0x6dfa0000)]
  0x6ac583e8 JavaThread "Unconstrained build operations Thread 45" [_thread_blocked, id=8124, stack(0x6dfe0000,0x6e030000)]
  0x6ac59a00 JavaThread "Unconstrained build operations Thread 46" [_thread_blocked, id=20596, stack(0x6e070000,0x6e0c0000)]
  0x6ac580c0 JavaThread "Unconstrained build operations Thread 47" [_thread_blocked, id=20228, stack(0x6e100000,0x6e150000)]
  0x6ac58d60 JavaThread "Unconstrained build operations Thread 48" [_thread_blocked, id=3328, stack(0x6e190000,0x6e1e0000)]
  0x6ac59d28 JavaThread "Unconstrained build operations Thread 49" [_thread_blocked, id=8772, stack(0x6e220000,0x6e270000)]
  0x6ac56780 JavaThread "Unconstrained build operations Thread 50" [_thread_blocked, id=28748, stack(0x6e2b0000,0x6e300000)]
  0x6ac56458 JavaThread "Unconstrained build operations Thread 51" [_thread_blocked, id=26400, stack(0x6e340000,0x6e390000)]
  0x6ac56130 JavaThread "Unconstrained build operations Thread 52" [_thread_blocked, id=28732, stack(0x6e3d0000,0x6e420000)]
  0x6ac56aa8 JavaThread "Unconstrained build operations Thread 53" [_thread_blocked, id=26076, stack(0x6e460000,0x6e4b0000)]
  0x6ac59088 JavaThread "Unconstrained build operations Thread 54" [_thread_blocked, id=21328, stack(0x6e4f0000,0x6e540000)]
  0x6ac56dd0 JavaThread "Unconstrained build operations Thread 55" [_thread_blocked, id=13828, stack(0x6e580000,0x6e5d0000)]
  0x6ac61d38 JavaThread "Unconstrained build operations Thread 56" [_thread_blocked, id=22028, stack(0x6e610000,0x6e660000)]
  0x6ac5ede0 JavaThread "Unconstrained build operations Thread 57" [_thread_blocked, id=24756, stack(0x6e6a0000,0x6e6f0000)]
  0x6ac613c0 JavaThread "jar transforms Thread 4" [_thread_blocked, id=19792, stack(0x6e730000,0x6e780000)]
  0x6ac61a10 JavaThread "jar transforms Thread 5" [_thread_blocked, id=27060, stack(0x6e7c0000,0x6e810000)]
  0x6e9eeda0 JavaThread "Memory manager" [_thread_blocked, id=21656, stack(0x6f820000,0x6f870000)]
  0x6e9f1cf8 JavaThread "jar transforms Thread 6" [_thread_blocked, id=21508, stack(0x6f8b0000,0x6f900000)]
  0x6e9efa40 JavaThread "included builds" [_thread_blocked, id=15348, stack(0x6f940000,0x6f990000)]
  0x6e9f2020 JavaThread "Execution worker" [_thread_blocked, id=28032, stack(0x6f9d0000,0x6fa20000)]
  0x6e9f0a08 JavaThread "Execution worker Thread 2" [_thread_blocked, id=3472, stack(0x6fa60000,0x6fab0000)]
  0x6e9f19d0 JavaThread "Execution worker Thread 3" [_thread_blocked, id=27056, stack(0x6faf0000,0x6fb40000)]
  0x6e9ee428 JavaThread "Execution worker Thread 4" [_thread_blocked, id=14580, stack(0x6fb80000,0x6fbd0000)]
  0x6ef0a040 JavaThread "Execution worker Thread 5" [_thread_blocked, id=7880, stack(0x6fc10000,0x6fc60000)]
  0x6ef0a9b8 JavaThread "Execution worker Thread 6" [_thread_blocked, id=10588, stack(0x6fca0000,0x6fcf0000)]
  0x6ef096c8 JavaThread "Execution worker Thread 7" [_thread_blocked, id=23012, stack(0x6fd30000,0x6fd80000)]
  0x6ef0b330 JavaThread "Execution worker Thread 8" [_thread_blocked, id=8884, stack(0x70330000,0x70380000)]
  0x6ef0b008 JavaThread "Execution worker Thread 9" [_thread_blocked, id=6112, stack(0x704c0000,0x70510000)]
  0x6ef0cc70 JavaThread "Execution worker Thread 10" [_thread_blocked, id=23248, stack(0x70550000,0x705a0000)]
  0x6ef0bfd0 JavaThread "Execution worker Thread 11" [_thread_blocked, id=7464, stack(0x705e0000,0x70630000)]
  0x6ef0c2f8 JavaThread "Execution worker Thread 12" [_thread_blocked, id=24852, stack(0x70670000,0x706c0000)]
  0x6ef0bca8 JavaThread "Execution worker Thread 13" [_thread_blocked, id=24108, stack(0x70700000,0x70750000)]
  0x6ef0cf98 JavaThread "Execution worker Thread 14" [_thread_blocked, id=23812, stack(0x70790000,0x707e0000)]
  0x6ef0b658 JavaThread "Execution worker Thread 15" [_thread_blocked, id=24912, stack(0x70820000,0x70870000)]
  0x6ef0c620 JavaThread "Execution worker Thread 16" [_thread_blocked, id=16140, stack(0x708b0000,0x70900000)]
  0x6ef0c948 JavaThread "Execution worker Thread 17" [_thread_blocked, id=28548, stack(0x70a60000,0x70ab0000)]
  0x6ef0ace0 JavaThread "Execution worker Thread 18" [_thread_blocked, id=28496, stack(0x70af0000,0x70b40000)]
  0x6ef0b980 JavaThread "Execution worker Thread 19" [_thread_blocked, id=11592, stack(0x70b80000,0x70bd0000)]
  0x6ef0d2c0 JavaThread "Cache worker for execution history cache (C:\Users\pedro.queblas\Desktop\GymTracker\android-twa\.gradle\8.11.1\executionHistory)" [_thread_blocked, id=5004, stack(0x70cd0000,0x70d20000)]
  0x6ef099f0 JavaThread "Unconstrained build operations Thread 58" [_thread_blocked, id=13980, stack(0x70d60000,0x70db0000)]
  0x6ef0a368 JavaThread "Unconstrained build operations Thread 59" [_thread_blocked, id=16092, stack(0x70df0000,0x70e40000)]
  0x6ef09d18 JavaThread "Unconstrained build operations Thread 60" [_thread_blocked, id=27612, stack(0x70e80000,0x70ed0000)]
  0x6f00b6e8 JavaThread "Unconstrained build operations Thread 61" [_thread_blocked, id=13144, stack(0x71100000,0x71150000)]
  0x6f00ad70 JavaThread "Unconstrained build operations Thread 62" [_thread_blocked, id=18084, stack(0x71190000,0x711e0000)]
  0x6f008de0 JavaThread "Unconstrained build operations Thread 63" [_thread_blocked, id=26292, stack(0x71440000,0x71490000)]
  0x6f00a720 JavaThread "Unconstrained build operations Thread 64" [_thread_blocked, id=16660, stack(0x714d0000,0x71520000)]
  0x6f00ba10 JavaThread "Unconstrained build operations Thread 65" [_thread_blocked, id=18276, stack(0x71560000,0x715b0000)]
  0x6f00bd38 JavaThread "Unconstrained build operations Thread 66" [_thread_blocked, id=23956, stack(0x715f0000,0x71640000)]
  0x6f009a80 JavaThread "Unconstrained build operations Thread 67" [_thread_blocked, id=16184, stack(0x716a0000,0x716f0000)]
  0x6f009108 JavaThread "Unconstrained build operations Thread 68" [_thread_blocked, id=1340, stack(0x71760000,0x717b0000)]
  0x6f00b098 JavaThread "Unconstrained build operations Thread 69" [_thread_blocked, id=27788, stack(0x717f0000,0x71840000)]
  0x6f00a3f8 JavaThread "Unconstrained build operations Thread 70" [_thread_blocked, id=20192, stack(0x71880000,0x718d0000)]
  0x6f00b3c0 JavaThread "Unconstrained build operations Thread 71" [_thread_blocked, id=27724, stack(0x71910000,0x71960000)]
  0x6f00c060 JavaThread "Unconstrained build operations Thread 72" [_thread_blocked, id=22912, stack(0x719a0000,0x719f0000)]
  0x6f009430 JavaThread "Unconstrained build operations Thread 73" [_thread_blocked, id=27960, stack(0x71b30000,0x71b80000)]
  0x6f00c388 JavaThread "Unconstrained build operations Thread 74" [_thread_blocked, id=26756, stack(0x71bf0000,0x71c40000)]
  0x6f00c6b0 JavaThread "Unconstrained build operations Thread 75" [_thread_blocked, id=4044, stack(0x71c80000,0x71cd0000)]
  0x6f00aa48 JavaThread "Unconstrained build operations Thread 76" [_thread_blocked, id=26512, stack(0x71d10000,0x71d60000)]
  0x6f00c9d8 JavaThread "Unconstrained build operations Thread 77" [_thread_blocked, id=20776, stack(0x71da0000,0x71df0000)]
  0x6f009758 JavaThread "Unconstrained build operations Thread 78" [_thread_blocked, id=25548, stack(0x71e30000,0x71e80000)]
  0x6f009da8 JavaThread "Unconstrained build operations Thread 79" [_thread_blocked, id=12164, stack(0x71ec0000,0x71f10000)]
  0x6f00a0d0 JavaThread "Unconstrained build operations Thread 80" [_thread_blocked, id=2460, stack(0x71f50000,0x71fa0000)]
  0x6f0b6350 JavaThread "Unconstrained build operations Thread 81" [_thread_blocked, id=5560, stack(0x71fe0000,0x72030000)]
  0x6f0b8930 JavaThread "Unconstrained build operations Thread 82" [_thread_blocked, id=16064, stack(0x72070000,0x720c0000)]
  0x6f0b6678 JavaThread "Unconstrained build operations Thread 83" [_thread_blocked, id=28444, stack(0x72100000,0x72150000)]
  0x6f0b7fb8 JavaThread "Unconstrained build operations Thread 84" [_thread_blocked, id=28520, stack(0x72190000,0x721e0000)]
  0x6f0b6cc8 JavaThread "Unconstrained build operations Thread 85" [_thread_blocked, id=1808, stack(0x72220000,0x72270000)]
  0x6f0b7c90 JavaThread "Unconstrained build operations Thread 86" [_thread_blocked, id=21632, stack(0x722b0000,0x72300000)]
  0x6f0b69a0 JavaThread "Unconstrained build operations Thread 87" [_thread_blocked, id=29228, stack(0x72340000,0x72390000)]
  0x6f0b6ff0 JavaThread "Unconstrained build operations Thread 88" [_thread_blocked, id=28296, stack(0x723d0000,0x72420000)]
  0x6f0b8608 JavaThread "Unconstrained build operations Thread 89" [_thread_blocked, id=9868, stack(0x72460000,0x724b0000)]
  0x6f0b82e0 JavaThread "Unconstrained build operations Thread 90" [_thread_blocked, id=6404, stack(0x724f0000,0x72540000)]
  0x6f0b7318 JavaThread "Unconstrained build operations Thread 91" [_thread_blocked, id=26540, stack(0x725e0000,0x72630000)]
  0x6f0b7640 JavaThread "Unconstrained build operations Thread 92" [_thread_blocked, id=15108, stack(0x72670000,0x726c0000)]
  0x6f0b8c58 JavaThread "Unconstrained build operations Thread 93" [_thread_blocked, id=23528, stack(0x72700000,0x72750000)]
  0x6f0b7968 JavaThread "Unconstrained build operations Thread 94" [_thread_blocked, id=21268, stack(0x72790000,0x727e0000)]
  0x6f0b8f80 JavaThread "Unconstrained build operations Thread 95" [_thread_blocked, id=29200, stack(0x72820000,0x72870000)]
  0x6f0b92a8 JavaThread "Unconstrained build operations Thread 96" [_thread_blocked, id=26788, stack(0x728b0000,0x72900000)]
  0x6f0b95d0 JavaThread "Unconstrained build operations Thread 97" [_thread_blocked, id=25140, stack(0x72940000,0x72990000)]
  0x6f0b98f8 JavaThread "Unconstrained build operations Thread 98" [_thread_blocked, id=17080, stack(0x72a20000,0x72a70000)]
  0x6f0b9c20 JavaThread "Unconstrained build operations Thread 99" [_thread_blocked, id=13392, stack(0x72a70000,0x72ac0000)]
  0x6f0b9f48 JavaThread "Unconstrained build operations Thread 100" [_thread_blocked, id=24096, stack(0x72b00000,0x72b50000)]
  0x6f1adeb0 JavaThread "Unconstrained build operations Thread 101" [_thread_blocked, id=20468, stack(0x72b90000,0x72be0000)]
  0x6f1ae828 JavaThread "Unconstrained build operations Thread 102" [_thread_blocked, id=25356, stack(0x72c20000,0x72c70000)]
  0x6f1aeb50 JavaThread "Unconstrained build operations Thread 103" [_thread_blocked, id=21072, stack(0x72cb0000,0x72d00000)]
  0x6f1ae1d8 JavaThread "Unconstrained build operations Thread 104" [_thread_blocked, id=11424, stack(0x72d40000,0x72d90000)]
  0x6f1aee78 JavaThread "Unconstrained build operations Thread 105" [_thread_blocked, id=26500, stack(0x72dd0000,0x72e20000)]
  0x6f1af1a0 JavaThread "Unconstrained build operations Thread 106" [_thread_blocked, id=26968, stack(0x72e60000,0x72eb0000)]
  0x6f1ae500 JavaThread "Unconstrained build operations Thread 107" [_thread_blocked, id=22696, stack(0x72ef0000,0x72f40000)]
  0x6f1af4c8 JavaThread "Unconstrained build operations Thread 108" [_thread_blocked, id=6500, stack(0x72f80000,0x72fd0000)]
  0x6f1ab5a8 JavaThread "Unconstrained build operations Thread 109" [_thread_blocked, id=15252, stack(0x73070000,0x730c0000)]
  0x6f1a9f90 JavaThread "Unconstrained build operations Thread 110" [_thread_blocked, id=27336, stack(0x73100000,0x73150000)]
  0x6f1a9c68 JavaThread "Unconstrained build operations Thread 111" [_thread_blocked, id=13492, stack(0x73190000,0x731e0000)]
  0x6f1a92f0 JavaThread "Unconstrained build operations Thread 112" [_thread_blocked, id=4000, stack(0x73220000,0x73270000)]
  0x6f1a8978 JavaThread "Unconstrained build operations Thread 113" [_thread_blocked, id=28152, stack(0x732b0000,0x73300000)]
  0x6f1a8328 JavaThread "Unconstrained build operations Thread 114" [_thread_blocked, id=24568, stack(0x73340000,0x73390000)]
  0x6f1a8650 JavaThread "Unconstrained build operations Thread 115" [_thread_blocked, id=1812, stack(0x733d0000,0x73420000)]
  0x6f1aa5e0 JavaThread "Unconstrained build operations Thread 116" [_thread_blocked, id=24512, stack(0x73460000,0x734b0000)]
  0x6f1a9618 JavaThread "Unconstrained build operations Thread 117" [_thread_blocked, id=28820, stack(0x734f0000,0x73540000)]
  0x6f1aa2b8 JavaThread "Unconstrained build operations Thread 118" [_thread_blocked, id=26456, stack(0x735d0000,0x73620000)]
  0x6f1a7cd8 JavaThread "Unconstrained build operations Thread 119" [_thread_blocked, id=14072, stack(0x73660000,0x736b0000)]
  0x6f1a8ca0 JavaThread "Unconstrained build operations Thread 120" [_thread_blocked, id=22652, stack(0x736f0000,0x73740000)]
  0x6f1a8000 JavaThread "Unconstrained build operations Thread 121" [_thread_blocked, id=16372, stack(0x73780000,0x737d0000)]
  0x6f1aa908 JavaThread "Unconstrained build operations Thread 122" [_thread_blocked, id=15912, stack(0x73810000,0x73860000)]
  0x6f1ac570 JavaThread "Unconstrained build operations Thread 123" [_thread_blocked, id=9084, stack(0x738a0000,0x738f0000)]
  0x6f1aac30 JavaThread "Unconstrained build operations Thread 124" [_thread_blocked, id=20536, stack(0x73a10000,0x73a60000)]
  0x6f1ab8d0 JavaThread "Unconstrained build operations Thread 125" [_thread_blocked, id=1704, stack(0x73aa0000,0x73af0000)]
  0x6f1abbf8 JavaThread "Unconstrained build operations Thread 126" [_thread_blocked, id=8112, stack(0x73b30000,0x73b80000)]
  0x6f1ab280 JavaThread "Unconstrained build operations Thread 127" [_thread_blocked, id=12372, stack(0x73bc0000,0x73c10000)]
  0x6f1acbc0 JavaThread "Unconstrained build operations Thread 128" [_thread_blocked, id=11216, stack(0x73e90000,0x73ee0000)]
  0x6f1a8fc8 JavaThread "Unconstrained build operations Thread 129" [_thread_blocked, id=22356, stack(0x73f70000,0x73fc0000)]
  0x6f1aaf58 JavaThread "Unconstrained build operations Thread 130" [_thread_blocked, id=28420, stack(0x74190000,0x741e0000)]
  0x6f1acee8 JavaThread "Unconstrained build operations Thread 131" [_thread_blocked, id=25292, stack(0x74220000,0x74270000)]
  0x6f1ad210 JavaThread "Unconstrained build operations Thread 132" [_thread_blocked, id=21344, stack(0x742b0000,0x74300000)]
  0x6f1abf20 JavaThread "Unconstrained build operations Thread 133" [_thread_blocked, id=21616, stack(0x74340000,0x74390000)]
  0x6f1ac898 JavaThread "Unconstrained build operations Thread 134" [_thread_blocked, id=10584, stack(0x743d0000,0x74420000)]
  0x6f1ac248 JavaThread "Unconstrained build operations Thread 135" [_thread_blocked, id=28624, stack(0x74460000,0x744b0000)]
  0x6f1ad538 JavaThread "Unconstrained build operations Thread 136" [_thread_blocked, id=23260, stack(0x744f0000,0x74540000)]
  0x6f1a9940 JavaThread "Unconstrained build operations Thread 137" [_thread_blocked, id=24772, stack(0x74580000,0x745d0000)]
  0x6f1ad860 JavaThread "Unconstrained build operations Thread 138" [_thread_blocked, id=27376, stack(0x74650000,0x746a0000)]
  0x6f2637c0 JavaThread "Unconstrained build operations Thread 139" [_thread_blocked, id=29516, stack(0x74ff0000,0x75040000)]
  0x6f263170 JavaThread "Unconstrained build operations Thread 140" [_thread_blocked, id=21524, stack(0x75080000,0x750d0000)]
  0x6f263ae8 JavaThread "Unconstrained build operations Thread 141" [_thread_blocked, id=28620, stack(0x75110000,0x75160000)]
  0x6f2627f8 JavaThread "Unconstrained build operations Thread 142" [_thread_blocked, id=27736, stack(0x753e0000,0x75430000)]
  0x6f260b90 JavaThread "Unconstrained build operations Thread 143" [_thread_blocked, id=25648, stack(0x75470000,0x754c0000)]
  0x6f2624d0 JavaThread "Unconstrained build operations Thread 144" [_thread_blocked, id=22684, stack(0x76290000,0x762e0000)]
  0x6f263e10 JavaThread "Unconstrained build operations Thread 145" [_thread_blocked, id=25584, stack(0x762e0000,0x76330000)]
  0x6f261830 JavaThread "Unconstrained build operations Thread 146" [_thread_blocked, id=24136, stack(0x76370000,0x763c0000)]
  0x6f262e48 JavaThread "Unconstrained build operations Thread 147" [_thread_blocked, id=16316, stack(0x764a0000,0x764f0000)]
  0x6f2611e0 JavaThread "Unconstrained build operations Thread 148" [_thread_blocked, id=22040, stack(0x76530000,0x76580000)]
  0x6f261b58 JavaThread "Unconstrained build operations Thread 149" [_thread_blocked, id=5028, stack(0x765c0000,0x76610000)]
  0x6f264138 JavaThread "Unconstrained build operations Thread 150" [_thread_blocked, id=26760, stack(0x767b0000,0x76800000)]
  0x6f264460 JavaThread "Unconstrained build operations Thread 151" [_thread_blocked, id=22788, stack(0x76860000,0x768b0000)]
  0x6f264788 JavaThread "Unconstrained build operations Thread 152" [_thread_blocked, id=13360, stack(0x76a00000,0x76a50000)]
  0x6f261e80 JavaThread "Unconstrained build operations Thread 153" [_thread_blocked, id=24084, stack(0x76a90000,0x76ae0000)]
  0x6f264ab0 JavaThread "Unconstrained build operations Thread 154" [_thread_blocked, id=28584, stack(0x76b20000,0x76b70000)]
  0x6f262b20 JavaThread "Unconstrained build operations Thread 155" [_thread_blocked, id=29628, stack(0x76bb0000,0x76c00000)]
  0x6f263498 JavaThread "Unconstrained build operations Thread 156" [_thread_blocked, id=17964, stack(0x76c40000,0x76c90000)]
  0x6f2621a8 JavaThread "Unconstrained build operations Thread 157" [_thread_blocked, id=21664, stack(0x76cd0000,0x76d20000)]
  0x6f264dd8 JavaThread "Unconstrained build operations Thread 158" [_thread_blocked, id=28112, stack(0x76d60000,0x76db0000)]
  0x6f265100 JavaThread "Unconstrained build operations Thread 159" [_thread_blocked, id=26768, stack(0x77200000,0x77250000)]
  0x6f261508 JavaThread "Unconstrained build operations Thread 160" [_thread_blocked, id=524, stack(0x773b0000,0x77400000)]
  0x6f265428 JavaThread "Unconstrained build operations Thread 161" [_thread_blocked, id=27384, stack(0x77570000,0x775c0000)]
  0x6f265750 JavaThread "Unconstrained build operations Thread 162" [_thread_blocked, id=19468, stack(0x77920000,0x77970000)]
  0x6f265a78 JavaThread "Unconstrained build operations Thread 163" [_thread_blocked, id=8188, stack(0x779b0000,0x77a00000)]
  0x6f2663f0 JavaThread "Unconstrained build operations Thread 164" [_thread_blocked, id=18664, stack(0x77a40000,0x77a90000)]
  0x6f266d68 JavaThread "Unconstrained build operations Thread 165" [_thread_blocked, id=27368, stack(0x77ad0000,0x77b20000)]
  0x6f265da0 JavaThread "Unconstrained build operations Thread 166" [_thread_blocked, id=27880, stack(0x77b60000,0x77bb0000)]
  0x6f2660c8 JavaThread "Unconstrained build operations Thread 167" [_thread_blocked, id=28244, stack(0x77bf0000,0x77c40000)]
  0x6f266718 JavaThread "Unconstrained build operations Thread 168" [_thread_blocked, id=17164, stack(0x77c80000,0x77cd0000)]
  0x6f266a40 JavaThread "Unconstrained build operations Thread 169" [_thread_blocked, id=17868, stack(0x77d10000,0x77d60000)]
  0x6f267d30 JavaThread "Unconstrained build operations Thread 170" [_thread_blocked, id=19464, stack(0x77da0000,0x77df0000)]
  0x6f2673b8 JavaThread "Unconstrained build operations Thread 171" [_thread_blocked, id=10252, stack(0x77e30000,0x77e80000)]
  0x6f268380 JavaThread "Unconstrained build operations Thread 172" [_thread_blocked, id=2820, stack(0x77ec0000,0x77f10000)]
  0x6f267a08 JavaThread "Unconstrained build operations Thread 173" [_thread_blocked, id=16088, stack(0x77f50000,0x77fa0000)]
  0x6f268058 JavaThread "Unconstrained build operations Thread 174" [_thread_blocked, id=12928, stack(0x79000000,0x79050000)]
  0x6f2676e0 JavaThread "Unconstrained build operations Thread 175" [_thread_blocked, id=28272, stack(0x79090000,0x790e0000)]
  0x6f267090 JavaThread "Unconstrained build operations Thread 176" [_thread_blocked, id=27244, stack(0x79120000,0x79170000)]
  0x6f1adb88 JavaThread "Unconstrained build operations Thread 177" [_thread_blocked, id=24252, stack(0x791b0000,0x79200000)]
  0x6f2444a0 JavaThread "Unconstrained build operations Thread 178" [_thread_blocked, id=1952, stack(0x79240000,0x79290000)]
  0x6f242e88 JavaThread "Unconstrained build operations Thread 179" [_thread_blocked, id=11016, stack(0x792d0000,0x79320000)]
  0x6f244178 JavaThread "Unconstrained build operations Thread 180" [_thread_blocked, id=21016, stack(0x79360000,0x793b0000)]
  0x6f245ab8 JavaThread "Unconstrained build operations Thread 181" [_thread_blocked, id=1464, stack(0x793f0000,0x79440000)]
  0x6f2447c8 JavaThread "Unconstrained build operations Thread 182" [_thread_blocked, id=17708, stack(0x79480000,0x794d0000)]
  0x6f245de0 JavaThread "Unconstrained build operations Thread 183" [_thread_blocked, id=18992, stack(0x79510000,0x79560000)]
  0x6f244e18 JavaThread "Unconstrained build operations Thread 184" [_thread_blocked, id=26564, stack(0x795a0000,0x795f0000)]
  0x6f246108 JavaThread "Unconstrained build operations Thread 185" [_thread_blocked, id=25764, stack(0x79630000,0x79680000)]
  0x6f2431b0 JavaThread "Unconstrained build operations Thread 186" [_thread_blocked, id=19408, stack(0x796c0000,0x79710000)]
  0x6f244af0 JavaThread "Unconstrained build operations Thread 187" [_thread_blocked, id=9008, stack(0x79750000,0x797a0000)]
  0x6f2434d8 JavaThread "Unconstrained build operations Thread 188" [_thread_blocked, id=28592, stack(0x797e0000,0x79830000)]
  0x6f243800 JavaThread "Unconstrained build operations Thread 189" [_thread_blocked, id=3276, stack(0x79870000,0x798c0000)]
  0x6f245140 JavaThread "Unconstrained build operations Thread 190" [_thread_blocked, id=23596, stack(0x79900000,0x79950000)]
  0x6f243b28 JavaThread "Unconstrained build operations Thread 191" [_thread_blocked, id=10392, stack(0x79990000,0x799e0000)]
  0x6f243e50 JavaThread "Unconstrained build operations Thread 192" [_thread_blocked, id=28576, stack(0x79c40000,0x79c90000)]
  0x6f242838 JavaThread "Unconstrained build operations Thread 193" [_thread_blocked, id=18720, stack(0x79cd0000,0x79d20000)]
  0x6f245468 JavaThread "Unconstrained build operations Thread 194" [_thread_blocked, id=26928, stack(0x79d60000,0x79db0000)]
  0x6f245790 JavaThread "Unconstrained build operations Thread 195" [_thread_blocked, id=12548, stack(0x79df0000,0x79e40000)]
  0x6f246430 JavaThread "Unconstrained build operations Thread 196" [_thread_blocked, id=9940, stack(0x79e80000,0x79ed0000)]
  0x6f242b60 JavaThread "Unconstrained build operations Thread 197" [_thread_blocked, id=21840, stack(0x79f10000,0x79f60000)]
  0x6f467830 JavaThread "Unconstrained build operations Thread 198" [_thread_blocked, id=8696, stack(0x79fa0000,0x79ff0000)]
  0x6f4684d0 JavaThread "Unconstrained build operations Thread 199" [_thread_blocked, id=23460, stack(0x7a030000,0x7a080000)]
  0x6f4671e0 JavaThread "Unconstrained build operations Thread 200" [_thread_blocked, id=12308, stack(0x7a0c0000,0x7a110000)]
  0x6f466eb8 JavaThread "Cache worker for Java compile cache (C:\Users\pedro.queblas\.gradle\caches\8.11.1\javaCompile)" [_thread_blocked, id=29452, stack(0x7a150000,0x7a1a0000)]
  0x6f467b58 JavaThread "Build operations" [_thread_blocked, id=21236, stack(0x7b310000,0x7b360000)]
  0x6f467e80 JavaThread "Build operations Thread 2" [_thread_blocked, id=26616, stack(0x7b3a0000,0x7b3f0000)]
  0x6f4681a8 JavaThread "Build operations Thread 3" [_thread_blocked, id=27888, stack(0x7b430000,0x7b480000)]
  0x6f461ca8 JavaThread "Build operations Thread 4" [_thread_blocked, id=28408, stack(0x7b4c0000,0x7b510000)]
  0x6f461330 JavaThread "Build operations Thread 5" [_thread_blocked, id=17324, stack(0x7b550000,0x7b5a0000)]
  0x6f463910 JavaThread "Build operations Thread 6" [_thread_blocked, id=25332, stack(0x7b5e0000,0x7b630000)]
  0x6f4632c0 JavaThread "Build operations Thread 7" [_thread_blocked, id=21904, stack(0x7b670000,0x7b6c0000)]
  0x6f462620 JavaThread "Build operations Thread 8" [_thread_blocked, id=27412, stack(0x7b700000,0x7b750000)]
  0x6f461658 JavaThread "Build operations Thread 9" [_thread_blocked, id=24264, stack(0x7b790000,0x7b7e0000)]
  0x6f461008 JavaThread "Build operations Thread 10" [_thread_blocked, id=25420, stack(0x7b820000,0x7b870000)]
  0x6f462f98 JavaThread "Build operations Thread 11" [_thread_blocked, id=1772, stack(0x7b8b0000,0x7b900000)]
  0x6f461980 JavaThread "Build operations Thread 12" [_thread_blocked, id=4104, stack(0x7b940000,0x7b990000)]
  0x6f462c70 JavaThread "Build operations Thread 13" [_thread_blocked, id=8056, stack(0x7b9d0000,0x7ba20000)]
  0x6f463c38 JavaThread "Build operations Thread 14" [_thread_blocked, id=3224, stack(0x7ba60000,0x7bab0000)]
  0x6f461fd0 JavaThread "Build operations Thread 15" [_thread_blocked, id=29344, stack(0x7baf0000,0x7bb40000)]
  0x6f463f60 JavaThread "Build operations Thread 16" [_thread_blocked, id=17328, stack(0x7bb80000,0x7bbd0000)]
  0x6f4622f8 JavaThread "Build operations Thread 17" [_thread_blocked, id=17788, stack(0x7bc10000,0x7bc60000)]
  0x6f462948 JavaThread "Build operations Thread 18" [_thread_blocked, id=18020, stack(0x7bca0000,0x7bcf0000)]
  0x6f464288 JavaThread "Build operations Thread 19" [_thread_blocked, id=28976, stack(0x7bd30000,0x7bd80000)]
  0x6f4635e8 JavaThread "WorkerExecutor Queue" [_thread_blocked, id=4712, stack(0x7bdc0000,0x7be10000)]
  0x6f460ce0 JavaThread "WorkerExecutor Queue Thread 2" [_thread_blocked, id=26568, stack(0x7be50000,0x7bea0000)]
=>0x6f4648d8 JavaThread "WorkerExecutor Queue Thread 3" [_thread_in_vm, id=8920, stack(0x7bee0000,0x7bf30000)]
  0x6f464c00 JavaThread "WorkerExecutor Queue Thread 4" [_thread_blocked, id=25796, stack(0x7bf70000,0x7bfc0000)]
  0x6f465250 JavaThread "ForkJoinPool-1-worker-1" daemon [_thread_blocked, id=15440, stack(0x7dfd0000,0x7e020000)]
  0x6f465ef0 JavaThread "ForkJoinPool-1-worker-3" daemon [_thread_blocked, id=8744, stack(0x7e060000,0x7e0b0000)]
  0x6f466218 JavaThread "ForkJoinPool-1-worker-2" daemon [_thread_blocked, id=19936, stack(0x7e0f0000,0x7e140000)]
  0x6f464f28 JavaThread "ForkJoinPool-1-worker-4" daemon [_thread_blocked, id=4512, stack(0x7e180000,0x7e1d0000)]
  0x6f465578 JavaThread "ForkJoinPool-1-worker-5" daemon [_thread_blocked, id=13208, stack(0x7e210000,0x7e260000)]
  0x6f465bc8 JavaThread "ForkJoinPool-1-worker-6" daemon [_thread_blocked, id=17116, stack(0x7e2a0000,0x7e2f0000)]
  0x6f4658a0 JavaThread "ForkJoinPool-1-worker-7" daemon [_thread_blocked, id=28332, stack(0x7e330000,0x7e380000)]
  0x6f466868 JavaThread "ForkJoinPool-1-worker-8" daemon [_thread_blocked, id=1232, stack(0x7e3c0000,0x7e410000)]

Other Threads:
  0x6600f9c0 VMThread "VM Thread" [stack: 0x04810000,0x04860000] [id=1220]
  0x661ef238 WatcherThread [stack: 0x66690000,0x666e0000] [id=23480]

Threads with active compile tasks:

VM state: not at safepoint (normal execution)

VM Mutex/Monitor currently owned by a thread:  ([mutex/lock_event])
[0x00937088] Metaspace_lock - owner thread: 0x6f4648d8

GC Precious Log:
 CPUs: 20 total, 20 available
 Memory: 16053M
 Large Page Support: Disabled
 NUMA Support: Disabled
 Compressed Oops: Disabled
 Heap Min Capacity: 6M
 Heap Initial Capacity: 16M
 Heap Max Capacity: 1536M
 Pre-touch: Disabled

Heap:
 def new generation   total 168256K, used 139747K [0x04a00000, 0x10090000, 0x24a00000)
  eden space 149568K,  92% used [0x04a00000, 0x0d0e0fc8, 0x0dc10000)
  from space 18688K,   8% used [0x0dc10000, 0x0dda7f60, 0x0ee50000)
  to   space 18688K,   0% used [0x0ee50000, 0x0ee50000, 0x10090000)
 tenured generation   total 371680K, used 263928K [0x24a00000, 0x3b4f8000, 0x64a00000)
   the space 371680K,  71% used [0x24a00000, 0x34bbe1e0, 0x34bbe200, 0x3b4f8000)
 Metaspace       used 81093K, committed 81600K, reserved 81920K

Card table byte_map: [0x64a00000,0x64d10000] _byte_map_base: 0x649db000

Polling page: 0x00cb0000

Metaspace:

Usage:
   79.19 MB used.

Virtual space:
     80.00 MB reserved,      79.69 MB (>99%) committed,  5 nodes.

Chunk freelists:
0 bytes

MaxMetaspaceSize: unlimited
No class space
Initial GC threshold: 16.00 MB
Current GC threshold: 124.94 MB
CDS: off
MetaspaceReclaimPolicy: balanced
 - commit_granule_bytes: 65536.
 - commit_granule_words: 16384.
 - virtual_space_node_default_size: 4194304.
 - enlarge_chunks_in_place: 1.
 - new_chunks_are_fully_committed: 0.
 - uncommit_free_chunks: 1.
 - use_allocation_guard: 0.
 - handle_deallocations: 1.


Internal statistics:

num_allocs_failed_limit: 9.
num_arena_births: 649.
num_arena_deaths: 17.
num_vsnodes_births: 5.
num_vsnodes_deaths: 0.
num_space_committed: 1275.
num_space_uncommitted: 0.
num_chunks_returned_to_freelist: 43.
num_chunks_taken_from_freelist: 3564.
num_chunk_merges: 23.
num_chunk_splits: 2619.
num_chunks_enlarged: 2092.
num_inconsistent_stats: 0.

CodeCache: size=32768Kb used=18933Kb max_used=18934Kb free=13834Kb
 bounds [0x02790000, 0x03a18000, 0x04790000]
 total_blobs=15493 nmethods=14989 adapters=435
 compilation: enabled
              stopped_count=0, restarted_count=0
 full_count=0

Compilation events (20 events):
Event: 14.048 Thread 0x6601b2a0 15323             com.android.tools.r8.internal.FS::a (5 bytes)
Event: 14.048 Thread 0x6601b2a0 nmethod 15323 0x03a01d88 code [0x03a01ea0, 0x03a01f6c]
Event: 14.048 Thread 0x6601b2a0 15280             com.android.tools.r8.internal.hz::f (13 bytes)
Event: 14.048 Thread 0x6601b2a0 nmethod 15280 0x03a01fc8 code [0x03a020e0, 0x03a021bc]
Event: 14.052 Thread 0x6601b2a0 15325             com.android.tools.r8.ir.optimize.J0::a (93 bytes)
Event: 14.053 Thread 0x6601b2a0 nmethod 15325 0x03a02248 code [0x03a02460, 0x03a02a78]
Event: 14.057 Thread 0x6601b2a0 15326             com.android.tools.r8.internal.FS::a (4520 bytes)
Event: 14.063 Thread 0x6601b2a0 nmethod 15326 0x03a02f08 code [0x03a04d60, 0x03a0ca60]
Event: 14.063 Thread 0x6601b2a0 15329             com.android.tools.r8.internal.DG::d (191 bytes)
Event: 14.063 Thread 0x6601b2a0 nmethod 15329 0x03a13408 code [0x03a13570, 0x03a13b2c]
Event: 14.063 Thread 0x6601b2a0 15327             com.android.tools.r8.internal.DG::a (71 bytes)
Event: 14.063 Thread 0x6601b2a0 nmethod 15327 0x03a13e88 code [0x03a13fc0, 0x03a14210]
Event: 14.063 Thread 0x6601b2a0 15328             com.android.tools.r8.internal.dS$$Lambda$4125/0x7cfd1548::compare (18 bytes)
Event: 14.063 Thread 0x6601b2a0 nmethod 15328 0x03a14308 code [0x03a14430, 0x03a14590]
Event: 14.063 Thread 0x6601b2a0 15330             com.android.tools.r8.internal.ZD::e (2 bytes)
Event: 14.063 Thread 0x6601b2a0 nmethod 15330 0x03a14648 code [0x03a14750, 0x03a14800]
Event: 14.063 Thread 0x6601b2a0 15332             com.android.tools.r8.internal.R3::value (12 bytes)
Event: 14.064 Thread 0x6601b2a0 nmethod 15332 0x03a14848 code [0x03a14970, 0x03a14abc]
Event: 14.064 Thread 0x6601b2a0 15331             com.android.tools.r8.internal.Q::get (34 bytes)
Event: 14.064 Thread 0x6601b2a0 nmethod 15331 0x03a14c08 code [0x03a14d50, 0x03a14f08]

GC Heap History (20 events):
Event: 9.951 GC heap before
{Heap before GC invocations=85 (full 6):
 def new generation   total 102912K, used 102912K [0x04a00000, 0x0b9a0000, 0x24a00000)
  eden space 91520K, 100% used [0x04a00000, 0x0a360000, 0x0a360000)
  from space 11392K, 100% used [0x0a360000, 0x0ae80000, 0x0ae80000)
  to   space 11392K,   0% used [0x0ae80000, 0x0ae80000, 0x0b9a0000)
 tenured generation   total 226384K, used 164481K [0x24a00000, 0x32714000, 0x64a00000)
   the space 226384K,  72% used [0x24a00000, 0x2eaa05c0, 0x2eaa0600, 0x32714000)
 Metaspace       used 72252K, committed 72768K, reserved 81920K
}
Event: 10.022 GC heap after
{Heap after GC invocations=86 (full 6):
 def new generation   total 102912K, used 11392K [0x04a00000, 0x0b9a0000, 0x24a00000)
  eden space 91520K,   0% used [0x04a00000, 0x04a00000, 0x0a360000)
  from space 11392K, 100% used [0x0ae80000, 0x0b9a0000, 0x0b9a0000)
  to   space 11392K,   0% used [0x0a360000, 0x0a360000, 0x0ae80000)
 tenured generation   total 226384K, used 185223K [0x24a00000, 0x32714000, 0x64a00000)
   the space 226384K,  81% used [0x24a00000, 0x2fee1e38, 0x2fee2000, 0x32714000)
 Metaspace       used 72252K, committed 72768K, reserved 81920K
}
Event: 10.290 GC heap before
{Heap before GC invocations=86 (full 6):
 def new generation   total 102912K, used 102912K [0x04a00000, 0x0b9a0000, 0x24a00000)
  eden space 91520K, 100% used [0x04a00000, 0x0a360000, 0x0a360000)
  from space 11392K, 100% used [0x0ae80000, 0x0b9a0000, 0x0b9a0000)
  to   space 11392K,   0% used [0x0a360000, 0x0a360000, 0x0ae80000)
 tenured generation   total 226384K, used 185223K [0x24a00000, 0x32714000, 0x64a00000)
   the space 226384K,  81% used [0x24a00000, 0x2fee1e38, 0x2fee2000, 0x32714000)
 Metaspace       used 72252K, committed 72768K, reserved 81920K
}
Event: 10.356 GC heap after
{Heap after GC invocations=87 (full 6):
 def new generation   total 102912K, used 11392K [0x04a00000, 0x0b9a0000, 0x24a00000)
  eden space 91520K,   0% used [0x04a00000, 0x04a00000, 0x0a360000)
  from space 11392K, 100% used [0x0a360000, 0x0ae80000, 0x0ae80000)
  to   space 11392K,   0% used [0x0ae80000, 0x0ae80000, 0x0b9a0000)
 tenured generation   total 226384K, used 206945K [0x24a00000, 0x32714000, 0x64a00000)
   the space 226384K,  91% used [0x24a00000, 0x314187b0, 0x31418800, 0x32714000)
 Metaspace       used 72252K, committed 72768K, reserved 81920K
}
Event: 10.727 GC heap before
{Heap before GC invocations=87 (full 6):
 def new generation   total 102912K, used 102912K [0x04a00000, 0x0b9a0000, 0x24a00000)
  eden space 91520K, 100% used [0x04a00000, 0x0a360000, 0x0a360000)
  from space 11392K, 100% used [0x0a360000, 0x0ae80000, 0x0ae80000)
  to   space 11392K,   0% used [0x0ae80000, 0x0ae80000, 0x0b9a0000)
 tenured generation   total 226384K, used 206945K [0x24a00000, 0x32714000, 0x64a00000)
   the space 226384K,  91% used [0x24a00000, 0x314187b0, 0x31418800, 0x32714000)
 Metaspace       used 73791K, committed 74304K, reserved 81920K
}
Event: 10.763 GC heap after
{Heap after GC invocations=88 (full 6):
 def new generation   total 102912K, used 6423K [0x04a00000, 0x0b9a0000, 0x24a00000)
  eden space 91520K,   0% used [0x04a00000, 0x04a00000, 0x0a360000)
  from space 11392K,  56% used [0x0ae80000, 0x0b4c5fa0, 0x0b9a0000)
  to   space 11392K,   0% used [0x0a360000, 0x0a360000, 0x0ae80000)
 tenured generation   total 226384K, used 218249K [0x24a00000, 0x32714000, 0x64a00000)
   the space 226384K,  96% used [0x24a00000, 0x31f22468, 0x31f22600, 0x32714000)
 Metaspace       used 73791K, committed 74304K, reserved 81920K
}
Event: 10.824 GC heap before
{Heap before GC invocations=88 (full 6):
 def new generation   total 102912K, used 97943K [0x04a00000, 0x0b9a0000, 0x24a00000)
  eden space 91520K, 100% used [0x04a00000, 0x0a360000, 0x0a360000)
  from space 11392K,  56% used [0x0ae80000, 0x0b4c5fa0, 0x0b9a0000)
  to   space 11392K,   0% used [0x0a360000, 0x0a360000, 0x0ae80000)
 tenured generation   total 226384K, used 218249K [0x24a00000, 0x32714000, 0x64a00000)
   the space 226384K,  96% used [0x24a00000, 0x31f22468, 0x31f22600, 0x32714000)
 Metaspace       used 73793K, committed 74304K, reserved 81920K
}
Event: 10.834 GC heap after
{Heap after GC invocations=89 (full 6):
 def new generation   total 102912K, used 621K [0x04a00000, 0x0b9a0000, 0x24a00000)
  eden space 91520K,   0% used [0x04a00000, 0x04a00000, 0x0a360000)
  from space 11392K,   5% used [0x0a360000, 0x0a3fb570, 0x0ae80000)
  to   space 11392K,   0% used [0x0ae80000, 0x0ae80000, 0x0b9a0000)
 tenured generation   total 226384K, used 224654K [0x24a00000, 0x32714000, 0x64a00000)
   the space 226384K,  99% used [0x24a00000, 0x32563878, 0x32563a00, 0x32714000)
 Metaspace       used 73793K, committed 74304K, reserved 81920K
}
Event: 11.787 GC heap before
{Heap before GC invocations=89 (full 6):
 def new generation   total 102912K, used 92141K [0x04a00000, 0x0b9a0000, 0x24a00000)
  eden space 91520K, 100% used [0x04a00000, 0x0a360000, 0x0a360000)
  from space 11392K,   5% used [0x0a360000, 0x0a3fb570, 0x0ae80000)
  to   space 11392K,   0% used [0x0ae80000, 0x0ae80000, 0x0b9a0000)
 tenured generation   total 226384K, used 224654K [0x24a00000, 0x32714000, 0x64a00000)
   the space 226384K,  99% used [0x24a00000, 0x32563878, 0x32563a00, 0x32714000)
 Metaspace       used 76209K, committed 76736K, reserved 81920K
}
Event: 11.802 GC heap after
{Heap after GC invocations=90 (full 6):
 def new generation   total 102912K, used 11392K [0x04a00000, 0x0b9a0000, 0x24a00000)
  eden space 91520K,   0% used [0x04a00000, 0x04a00000, 0x0a360000)
  from space 11392K, 100% used [0x0ae80000, 0x0b9a0000, 0x0b9a0000)
  to   space 11392K,   0% used [0x0a360000, 0x0a360000, 0x0ae80000)
 tenured generation   total 226896K, used 226850K [0x24a00000, 0x32794000, 0x64a00000)
   the space 226896K,  99% used [0x24a00000, 0x32788868, 0x32788a00, 0x32794000)
 Metaspace       used 76209K, committed 76736K, reserved 81920K
}
Event: 11.802 GC heap before
{Heap before GC invocations=90 (full 6):
 def new generation   total 102912K, used 11392K [0x04a00000, 0x0b9a0000, 0x24a00000)
  eden space 91520K,   0% used [0x04a00000, 0x04a00000, 0x0a360000)
  from space 11392K, 100% used [0x0ae80000, 0x0b9a0000, 0x0b9a0000)
  to   space 11392K,   0% used [0x0a360000, 0x0a360000, 0x0ae80000)
 tenured generation   total 226896K, used 226850K [0x24a00000, 0x32794000, 0x64a00000)
   the space 226896K,  99% used [0x24a00000, 0x32788868, 0x32788a00, 0x32794000)
 Metaspace       used 76209K, committed 76736K, reserved 81920K
}
Event: 12.079 GC heap after
{Heap after GC invocations=90 (full 7):
 def new generation   total 168256K, used 10705K [0x04a00000, 0x10090000, 0x24a00000)
  eden space 149568K,   7% used [0x04a00000, 0x054744f0, 0x0dc10000)
  from space 18688K,   0% used [0x0dc10000, 0x0dc10000, 0x0ee50000)
  to   space 18688K,   0% used [0x0ee50000, 0x0ee50000, 0x10090000)
 tenured generation   total 371680K, used 223007K [0x24a00000, 0x3b4f8000, 0x64a00000)
   the space 371680K,  59% used [0x24a00000, 0x323c7d48, 0x323c7e00, 0x3b4f8000)
 Metaspace       used 76209K, committed 76736K, reserved 81920K
}
Event: 12.448 GC heap before
{Heap before GC invocations=90 (full 7):
 def new generation   total 168256K, used 149568K [0x04a00000, 0x10090000, 0x24a00000)
  eden space 149568K, 100% used [0x04a00000, 0x0dc10000, 0x0dc10000)
  from space 18688K,   0% used [0x0dc10000, 0x0dc10000, 0x0ee50000)
  to   space 18688K,   0% used [0x0ee50000, 0x0ee50000, 0x10090000)
 tenured generation   total 371680K, used 223007K [0x24a00000, 0x3b4f8000, 0x64a00000)
   the space 371680K,  59% used [0x24a00000, 0x323c7d48, 0x323c7e00, 0x3b4f8000)
 Metaspace       used 76224K, committed 76736K, reserved 81920K
}
Event: 12.538 GC heap after
{Heap after GC invocations=91 (full 7):
 def new generation   total 168256K, used 18688K [0x04a00000, 0x10090000, 0x24a00000)
  eden space 149568K,   0% used [0x04a00000, 0x04a00000, 0x0dc10000)
  from space 18688K, 100% used [0x0ee50000, 0x10090000, 0x10090000)
  to   space 18688K,   0% used [0x0dc10000, 0x0dc10000, 0x0ee50000)
 tenured generation   total 371680K, used 230194K [0x24a00000, 0x3b4f8000, 0x64a00000)
   the space 371680K,  61% used [0x24a00000, 0x32acca98, 0x32accc00, 0x3b4f8000)
 Metaspace       used 76224K, committed 76736K, reserved 81920K
}
Event: 13.153 GC heap before
{Heap before GC invocations=91 (full 7):
 def new generation   total 168256K, used 168256K [0x04a00000, 0x10090000, 0x24a00000)
  eden space 149568K, 100% used [0x04a00000, 0x0dc10000, 0x0dc10000)
  from space 18688K, 100% used [0x0ee50000, 0x10090000, 0x10090000)
  to   space 18688K,   0% used [0x0dc10000, 0x0dc10000, 0x0ee50000)
 tenured generation   total 371680K, used 230194K [0x24a00000, 0x3b4f8000, 0x64a00000)
   the space 371680K,  61% used [0x24a00000, 0x32acca98, 0x32accc00, 0x3b4f8000)
 Metaspace       used 78075K, committed 78592K, reserved 81920K
}
Event: 13.194 GC heap after
{Heap after GC invocations=92 (full 7):
 def new generation   total 168256K, used 10300K [0x04a00000, 0x10090000, 0x24a00000)
  eden space 149568K,   0% used [0x04a00000, 0x04a00000, 0x0dc10000)
  from space 18688K,  55% used [0x0dc10000, 0x0e61f1b8, 0x0ee50000)
  to   space 18688K,   0% used [0x0ee50000, 0x0ee50000, 0x10090000)
 tenured generation   total 371680K, used 248714K [0x24a00000, 0x3b4f8000, 0x64a00000)
   the space 371680K,  66% used [0x24a00000, 0x33ce2b90, 0x33ce2c00, 0x3b4f8000)
 Metaspace       used 78075K, committed 78592K, reserved 81920K
}
Event: 13.744 GC heap before
{Heap before GC invocations=92 (full 7):
 def new generation   total 168256K, used 159823K [0x04a00000, 0x10090000, 0x24a00000)
  eden space 149568K,  99% used [0x04a00000, 0x0dc04c40, 0x0dc10000)
  from space 18688K,  55% used [0x0dc10000, 0x0e61f1b8, 0x0ee50000)
  to   space 18688K,   0% used [0x0ee50000, 0x0ee50000, 0x10090000)
 tenured generation   total 371680K, used 248714K [0x24a00000, 0x3b4f8000, 0x64a00000)
   the space 371680K,  66% used [0x24a00000, 0x33ce2b90, 0x33ce2c00, 0x3b4f8000)
 Metaspace       used 79592K, committed 80128K, reserved 81920K
}
Event: 13.768 GC heap after
{Heap after GC invocations=93 (full 7):
 def new generation   total 168256K, used 10592K [0x04a00000, 0x10090000, 0x24a00000)
  eden space 149568K,   0% used [0x04a00000, 0x04a00000, 0x0dc10000)
  from space 18688K,  56% used [0x0ee50000, 0x0f8a8048, 0x10090000)
  to   space 18688K,   0% used [0x0dc10000, 0x0dc10000, 0x0ee50000)
 tenured generation   total 371680K, used 253663K [0x24a00000, 0x3b4f8000, 0x64a00000)
   the space 371680K,  68% used [0x24a00000, 0x341b7dd8, 0x341b7e00, 0x3b4f8000)
 Metaspace       used 79592K, committed 80128K, reserved 81920K
}
Event: 13.887 GC heap before
{Heap before GC invocations=93 (full 7):
 def new generation   total 168256K, used 160160K [0x04a00000, 0x10090000, 0x24a00000)
  eden space 149568K, 100% used [0x04a00000, 0x0dc10000, 0x0dc10000)
  from space 18688K,  56% used [0x0ee50000, 0x0f8a8048, 0x10090000)
  to   space 18688K,   0% used [0x0dc10000, 0x0dc10000, 0x0ee50000)
 tenured generation   total 371680K, used 253663K [0x24a00000, 0x3b4f8000, 0x64a00000)
   the space 371680K,  68% used [0x24a00000, 0x341b7dd8, 0x341b7e00, 0x3b4f8000)
 Metaspace       used 80280K, committed 80832K, reserved 81920K
}
Event: 13.904 GC heap after
{Heap after GC invocations=94 (full 7):
 def new generation   total 168256K, used 1631K [0x04a00000, 0x10090000, 0x24a00000)
  eden space 149568K,   0% used [0x04a00000, 0x04a00000, 0x0dc10000)
  from space 18688K,   8% used [0x0dc10000, 0x0dda7f60, 0x0ee50000)
  to   space 18688K,   0% used [0x0ee50000, 0x0ee50000, 0x10090000)
 tenured generation   total 371680K, used 263928K [0x24a00000, 0x3b4f8000, 0x64a00000)
   the space 371680K,  71% used [0x24a00000, 0x34bbe1e0, 0x34bbe200, 0x3b4f8000)
 Metaspace       used 80280K, committed 80832K, reserved 81920K
}

Dll operation events (14 events):
Event: 0.007 Loaded shared library C:\Users\pedro.queblas\.bubblewrap\jdk\jdk-17.0.11+9\bin\java.dll
Event: 0.067 Loaded shared library C:\Users\pedro.queblas\.bubblewrap\jdk\jdk-17.0.11+9\bin\zip.dll
Event: 0.068 Loaded shared library C:\Users\pedro.queblas\.bubblewrap\jdk\jdk-17.0.11+9\bin\instrument.dll
Event: 0.075 Loaded shared library C:\Users\pedro.queblas\.bubblewrap\jdk\jdk-17.0.11+9\bin\net.dll
Event: 0.076 Loaded shared library C:\Users\pedro.queblas\.bubblewrap\jdk\jdk-17.0.11+9\bin\nio.dll
Event: 0.079 Loaded shared library C:\Users\pedro.queblas\.bubblewrap\jdk\jdk-17.0.11+9\bin\zip.dll
Event: 0.216 Loaded shared library C:\Users\pedro.queblas\.bubblewrap\jdk\jdk-17.0.11+9\bin\jimage.dll
Event: 0.277 Loaded shared library C:\Users\pedro.queblas\.bubblewrap\jdk\jdk-17.0.11+9\bin\verify.dll
Event: 0.339 Loaded shared library C:\Users\pedro.queblas\.gradle\native\c067742578af261105cb4f569cf0c3c89f3d7b1fecec35dd04571415982c5e48\windows-i386\native-platform.dll
Event: 0.342 Loaded shared library C:\Users\pedro.queblas\.gradle\native\100fb08df4bc3b14c8652ba06237920a3bd2aa13389f12d3474272988ae205f9\windows-i386\native-platform-file-events.dll
Event: 0.831 Loaded shared library C:\Users\pedro.queblas\.bubblewrap\jdk\jdk-17.0.11+9\bin\management.dll
Event: 0.832 Loaded shared library C:\Users\pedro.queblas\.bubblewrap\jdk\jdk-17.0.11+9\bin\management_ext.dll
Event: 0.975 Loaded shared library C:\Users\pedro.queblas\.bubblewrap\jdk\jdk-17.0.11+9\bin\extnet.dll
Event: 1.188 Loaded shared library C:\Users\pedro.queblas\.bubblewrap\jdk\jdk-17.0.11+9\bin\sunmscapi.dll

Deoptimization events (20 events):
Event: 6.119 Thread 0x6e9efa40 DEOPT PACKING pc=0x02e927c4 sp=0x6f98c800
Event: 6.119 Thread 0x6e9efa40 DEOPT UNPACKING pc=0x027d5587 sp=0x6f98c6d8 mode 0
Event: 6.119 Thread 0x6e9efa40 DEOPT PACKING pc=0x02e927c4 sp=0x6f98ca20
Event: 6.119 Thread 0x6e9efa40 DEOPT UNPACKING pc=0x027d5587 sp=0x6f98c8f8 mode 0
Event: 6.119 Thread 0x6e9efa40 DEOPT PACKING pc=0x02e927c4 sp=0x6f98cc30
Event: 6.119 Thread 0x6e9efa40 DEOPT UNPACKING pc=0x027d5587 sp=0x6f98cb08 mode 0
Event: 6.146 Thread 0x6e9efa40 DEOPT PACKING pc=0x02edb570 sp=0x6f98e770
Event: 6.146 Thread 0x6e9efa40 DEOPT UNPACKING pc=0x027d5587 sp=0x6f98e60c mode 0
Event: 6.225 Thread 0x6e9efa40 DEOPT PACKING pc=0x02f30424 sp=0x6f98d1c0
Event: 6.225 Thread 0x6e9efa40 DEOPT UNPACKING pc=0x027d5587 sp=0x6f98d070 mode 0
Event: 7.555 Thread 0x6f4635e8 DEOPT PACKING pc=0x03425e44 sp=0x7be0ee10
Event: 7.555 Thread 0x6f4635e8 DEOPT UNPACKING pc=0x027d5587 sp=0x7be0ecd0 mode 0
Event: 9.493 Thread 0x6f4648d8 DEOPT PACKING pc=0x03592d58 sp=0x7bf2dc30
Event: 9.493 Thread 0x6f4648d8 DEOPT UNPACKING pc=0x027d5587 sp=0x7bf2dba8 mode 0
Event: 10.570 Thread 0x6f4648d8 DEOPT PACKING pc=0x035e8ec4 sp=0x7bf2e180
Event: 10.570 Thread 0x6f4648d8 DEOPT UNPACKING pc=0x027d5587 sp=0x7bf2e044 mode 0
Event: 13.850 Thread 0x6f466218 DEOPT PACKING pc=0x0390ef38 sp=0x7e13ed30
Event: 13.850 Thread 0x6f464f28 DEOPT PACKING pc=0x0390ef38 sp=0x7e1cf0f0
Event: 13.850 Thread 0x6f466218 DEOPT UNPACKING pc=0x027d5587 sp=0x7e13ee40 mode 0
Event: 13.850 Thread 0x6f464f28 DEOPT UNPACKING pc=0x027d5587 sp=0x7e1cf200 mode 0

Classes unloaded (17 events):
Event: 9.198 Thread 0x6600f9c0 Unloading class 0x7c751a88 'java/lang/invoke/LambdaForm$DMH+0x7c751a88'
Event: 9.198 Thread 0x6600f9c0 Unloading class 0x7c751688 'java/lang/invoke/LambdaForm$DMH+0x7c751688'
Event: 9.198 Thread 0x6600f9c0 Unloading class 0x7c751288 'java/lang/invoke/LambdaForm$DMH+0x7c751288'
Event: 9.198 Thread 0x6600f9c0 Unloading class 0x7c750e88 'java/lang/invoke/LambdaForm$DMH+0x7c750e88'
Event: 9.198 Thread 0x6600f9c0 Unloading class 0x7c750a88 'java/lang/invoke/LambdaForm$DMH+0x7c750a88'
Event: 9.198 Thread 0x6600f9c0 Unloading class 0x7c750688 'java/lang/invoke/LambdaForm$DMH+0x7c750688'
Event: 9.198 Thread 0x6600f9c0 Unloading class 0x7c725a80 'java/lang/invoke/LambdaForm$DMH+0x7c725a80'
Event: 9.198 Thread 0x6600f9c0 Unloading class 0x7c725280 'java/lang/invoke/LambdaForm$DMH+0x7c725280'
Event: 9.198 Thread 0x6600f9c0 Unloading class 0x7c724a80 'java/lang/invoke/LambdaForm$DMH+0x7c724a80'
Event: 9.198 Thread 0x6600f9c0 Unloading class 0x7c724280 'java/lang/invoke/LambdaForm$DMH+0x7c724280'
Event: 9.198 Thread 0x6600f9c0 Unloading class 0x7c722e80 'java/lang/invoke/LambdaForm$DMH+0x7c722e80'
Event: 9.198 Thread 0x6600f9c0 Unloading class 0x7c721e80 'java/lang/invoke/LambdaForm$DMH+0x7c721e80'
Event: 9.198 Thread 0x6600f9c0 Unloading class 0x7c721680 'java/lang/invoke/LambdaForm$DMH+0x7c721680'
Event: 9.198 Thread 0x6600f9c0 Unloading class 0x7c721280 'java/lang/invoke/LambdaForm$DMH+0x7c721280'
Event: 9.198 Thread 0x6600f9c0 Unloading class 0x7c720e80 'java/lang/invoke/LambdaForm$DMH+0x7c720e80'
Event: 9.198 Thread 0x6600f9c0 Unloading class 0x7c720a80 'java/lang/invoke/LambdaForm$DMH+0x7c720a80'
Event: 9.198 Thread 0x6600f9c0 Unloading class 0x7c720680 'java/lang/invoke/LambdaForm$DMH+0x7c720680'

Classes redefined (0 events):
No events

Internal exceptions (20 events):
Event: 12.740 Thread 0x6f465250 Exception <a 'java/lang/NoSuchMethodError'{0x0615c988}: 'java.lang.Object java.lang.invoke.DirectMethodHandle$Holder.invokeSpecial(java.lang.Object, java.lang.Object, int, java.lang.Object, java.lang.Object, java.lang.Object)'> (0x0615c988) 
thrown [s\src\hotspot\share\interpreter\linkResolver.cpp, line 759]
Event: 12.741 Thread 0x6f4658a0 Exception <a 'java/lang/NoSuchMethodError'{0x064ee608}: 'java.lang.Object java.lang.invoke.DirectMethodHandle$Holder.invokeSpecial(java.lang.Object, java.lang.Object, int, java.lang.Object, java.lang.Object, java.lang.Object)'> (0x064ee608) 
thrown [s\src\hotspot\share\interpreter\linkResolver.cpp, line 759]
Event: 12.741 Thread 0x6f465bc8 Exception <a 'java/lang/NoSuchMethodError'{0x0621e310}: 'java.lang.Object java.lang.invoke.DirectMethodHandle$Holder.invokeSpecial(java.lang.Object, java.lang.Object, int, java.lang.Object, java.lang.Object, java.lang.Object)'> (0x0621e310) 
thrown [s\src\hotspot\share\interpreter\linkResolver.cpp, line 759]
Event: 12.741 Thread 0x6f466868 Exception <a 'java/lang/NoSuchMethodError'{0x0641e960}: 'java.lang.Object java.lang.invoke.DirectMethodHandle$Holder.invokeSpecial(java.lang.Object, java.lang.Object, int, java.lang.Object, java.lang.Object, java.lang.Object)'> (0x0641e960) 
thrown [s\src\hotspot\share\interpreter\linkResolver.cpp, line 759]
Event: 12.741 Thread 0x6f466868 Exception <a 'java/lang/NoSuchMethodError'{0x06421cb0}: 'java.lang.Object java.lang.invoke.Invokers$Holder.linkToTargetMethod(int, java.lang.Object, java.lang.Object, java.lang.Object, java.lang.Object)'> (0x06421cb0) 
thrown [s\src\hotspot\share\interpreter\linkResolver.cpp, line 759]
Event: 12.746 Thread 0x6f464f28 Exception <a 'java/lang/IncompatibleClassChangeError'{0x061bda30}: Found class java.lang.Object, but interface was expected> (0x061bda30) 
thrown [s\src\hotspot\share\interpreter\linkResolver.cpp, line 826]
Event: 12.746 Thread 0x6f465578 Exception <a 'java/lang/IncompatibleClassChangeError'{0x064a20a8}: Found class java.lang.Object, but interface was expected> (0x064a20a8) 
thrown [s\src\hotspot\share\interpreter\linkResolver.cpp, line 826]
Event: 13.434 Thread 0x6f4648d8 Exception <a 'java/lang/ClassCastException'{0x07ea8c08}: class kotlin.reflect.jvm.internal.ReflectionFactoryImpl cannot be cast to class com.android.tools.r8.internal.Ed0 (kotlin.reflect.jvm.internal.ReflectionFactoryImpl is in unnamed module of loader org.gradle.internal.classloader.VisitableURLClassLoader @1f13d6e; com.android.tools.r8.internal.Ed0 is in unnamed module of loader org.gradle.internal.classloader.VisitableURLClassLoader$InstrumentingVisitableURLClassLoader @86d33f)> (0x07ea8c08) 
thrown [s\
Event: 13.468 Thread 0x6f4648d8 Exception <a 'java/lang/IncompatibleClassChangeError'{0x08471860}: Found class java.lang.Object, but interface was expected> (0x08471860) 
thrown [s\src\hotspot\share\interpreter\linkResolver.cpp, line 826]
Event: 13.484 Thread 0x6f4648d8 Exception <a 'java/lang/IncompatibleClassChangeError'{0x086353c8}: Found class java.lang.Object, but interface was expected> (0x086353c8) 
thrown [s\src\hotspot\share\interpreter\linkResolver.cpp, line 826]
Event: 13.626 Thread 0x6f465250 Exception <a 'java/lang/IncompatibleClassChangeError'{0x0ae841d8}: Found class java.lang.Object, but interface was expected> (0x0ae841d8) 
thrown [s\src\hotspot\share\interpreter\linkResolver.cpp, line 826]
Event: 13.627 Thread 0x6f465250 Exception <a 'java/lang/IncompatibleClassChangeError'{0x0ae898c0}: Found class java.lang.Object, but interface was expected> (0x0ae898c0) 
thrown [s\src\hotspot\share\interpreter\linkResolver.cpp, line 826]
Event: 13.627 Thread 0x6f465250 Exception <a 'java/lang/IncompatibleClassChangeError'{0x0ae8de60}: Found class java.lang.Object, but interface was expected> (0x0ae8de60) 
thrown [s\src\hotspot\share\interpreter\linkResolver.cpp, line 826]
Event: 13.840 Thread 0x6f4658a0 Exception <a 'java/lang/NoSuchMethodError'{0x08699d98}: 'java.lang.Object java.lang.invoke.DirectMethodHandle$Holder.invokeStatic(java.lang.Object, java.lang.Object, java.lang.Object, long)'> (0x08699d98) 
thrown [s\src\hotspot\share\interpreter\linkResolver.cpp, line 759]
Event: 13.840 Thread 0x6f465578 Exception <a 'java/lang/NoSuchMethodError'{0x08f07c90}: 'java.lang.Object java.lang.invoke.DirectMethodHandle$Holder.invokeStatic(java.lang.Object, java.lang.Object, java.lang.Object, long)'> (0x08f07c90) 
thrown [s\src\hotspot\share\interpreter\linkResolver.cpp, line 759]
Event: 13.874 Thread 0x6f4658a0 Exception <a 'java/lang/NoSuchMethodError'{0x0c1e78a0}: 'java.lang.Object java.lang.invoke.DirectMethodHandle$Holder.invokeInterface(java.lang.Object, java.lang.Object, java.lang.Object, java.lang.Object)'> (0x0c1e78a0) 
thrown [s\src\hotspot\share\interpreter\linkResolver.cpp, line 759]
Event: 13.874 Thread 0x6f4658a0 Exception <a 'java/lang/IncompatibleClassChangeError'{0x0c3b76e8}: Found class java.lang.Object, but interface was expected> (0x0c3b76e8) 
thrown [s\src\hotspot\share\interpreter\linkResolver.cpp, line 826]
Event: 14.028 Thread 0x6f466218 Exception <a 'java/lang/NoSuchMethodError'{0x0c0bd2a0}: 'java.lang.Object java.lang.invoke.DirectMethodHandle$Holder.invokeStatic(java.lang.Object, java.lang.Object, java.lang.Object, java.lang.Object, java.lang.Object, int, java.lang.Object)'> (0x0c0bd2a0) 
thrown [s\src\hotspot\share\interpreter\linkResolver.cpp, line 759]
Event: 14.028 Thread 0x6f464f28 Exception <a 'java/lang/NoSuchMethodError'{0x0c089940}: 'java.lang.Object java.lang.invoke.DirectMethodHandle$Holder.invokeStatic(java.lang.Object, java.lang.Object, java.lang.Object, java.lang.Object, java.lang.Object, int, java.lang.Object)'> (0x0c089940) 
thrown [s\src\hotspot\share\interpreter\linkResolver.cpp, line 759]
Event: 14.028 Thread 0x6f465578 Exception <a 'java/lang/NoSuchMethodError'{0x0c04c740}: 'java.lang.Object java.lang.invoke.DirectMethodHandle$Holder.invokeStatic(java.lang.Object, java.lang.Object, java.lang.Object, java.lang.Object, java.lang.Object, int, java.lang.Object)'> (0x0c04c740) 
thrown [s\src\hotspot\share\interpreter\linkResolver.cpp, line 759]

VM Operations (20 events):
Event: 13.991 Executing VM operation: HandshakeAllThreads
Event: 13.992 Executing VM operation: HandshakeAllThreads done
Event: 13.992 Executing VM operation: HandshakeAllThreads
Event: 13.992 Executing VM operation: HandshakeAllThreads done
Event: 13.992 Executing VM operation: HandshakeAllThreads
Event: 13.992 Executing VM operation: HandshakeAllThreads done
Event: 13.993 Executing VM operation: HandshakeAllThreads
Event: 13.993 Executing VM operation: HandshakeAllThreads done
Event: 14.019 Executing VM operation: HandshakeAllThreads
Event: 14.020 Executing VM operation: HandshakeAllThreads done
Event: 14.028 Executing VM operation: ICBufferFull
Event: 14.029 Executing VM operation: ICBufferFull done
Event: 14.029 Executing VM operation: ICBufferFull
Event: 14.029 Executing VM operation: ICBufferFull done
Event: 14.044 Executing VM operation: HandshakeAllThreads
Event: 14.044 Executing VM operation: HandshakeAllThreads done
Event: 14.056 Executing VM operation: HandshakeAllThreads
Event: 14.056 Executing VM operation: HandshakeAllThreads done
Event: 14.056 Executing VM operation: HandshakeAllThreads
Event: 14.057 Executing VM operation: HandshakeAllThreads done

Events (20 events):
Event: 13.690 Thread 0x6601ec70 flushing nmethod 0x0379c088
Event: 13.690 Thread 0x6601ec70 flushing nmethod 0x0379f5c8
Event: 13.690 Thread 0x6601ec70 flushing nmethod 0x037a2508
Event: 13.690 Thread 0x6601ec70 flushing nmethod 0x037a5408
Event: 13.690 Thread 0x6601ec70 flushing nmethod 0x037b2a08
Event: 13.690 Thread 0x6601ec70 flushing nmethod 0x037b9d88
Event: 13.690 Thread 0x6601ec70 flushing nmethod 0x037bb3c8
Event: 13.690 Thread 0x6601ec70 flushing nmethod 0x037bc0c8
Event: 13.691 Thread 0x6601ec70 flushing nmethod 0x037c9308
Event: 13.691 Thread 0x6601ec70 flushing nmethod 0x037cdd08
Event: 13.691 Thread 0x6601ec70 flushing nmethod 0x037d0548
Event: 13.691 Thread 0x6601ec70 flushing nmethod 0x03809008
Event: 13.691 Thread 0x6601ec70 flushing nmethod 0x0381e2c8
Event: 13.691 Thread 0x6601ec70 flushing nmethod 0x03883708
Event: 13.691 Thread 0x6601ec70 flushing nmethod 0x03899348
Event: 13.728 loading class java/util/concurrent/ConcurrentHashMap$KeySpliterator
Event: 13.730 loading class java/util/concurrent/ConcurrentHashMap$KeySpliterator done
Event: 14.000 Thread 0x6601ec70 flushing nmethod 0x037b8e88
Event: 14.001 Thread 0x6601ec70 flushing nmethod 0x037d8d88
Event: 14.065 Thread 0x6601ec70 flushing nmethod 0x03827f88


Dynamic libraries:
0x00860000 - 0x0086c000 	C:\Users\pedro.queblas\.bubblewrap\jdk\jdk-17.0.11+9\bin\java.exe
0x77750000 - 0x7790f000 	C:\WINDOWS\SYSTEM32\ntdll.dll
0x766b0000 - 0x767a0000 	C:\WINDOWS\System32\KERNEL32.DLL
0x76f30000 - 0x771f6000 	C:\WINDOWS\System32\KERNELBASE.dll
0x70c10000 - 0x70cbe000 	C:\WINDOWS\SYSTEM32\apphelp.dll
0x75540000 - 0x75650000 	C:\WINDOWS\System32\ucrtbase.dll
0x71ad0000 - 0x71ae5000 	C:\Users\pedro.queblas\.bubblewrap\jdk\jdk-17.0.11+9\bin\jli.dll
0x71ab0000 - 0x71ac4000 	C:\Users\pedro.queblas\.bubblewrap\jdk\jdk-17.0.11+9\bin\VCRUNTIME140.dll
0x757f0000 - 0x759bb000 	C:\WINDOWS\System32\USER32.dll
0x75660000 - 0x7567a000 	C:\WINDOWS\System32\win32u.dll
0x73c60000 - 0x73e8a000 	C:\WINDOWS\WinSxS\x86_microsoft.windows.common-controls_6595b64144ccf1df_6.0.26100.7309_none_85b335c1f7b2c94a\COMCTL32.dll
0x76680000 - 0x766a3000 	C:\WINDOWS\System32\GDI32.dll
0x772d0000 - 0x77397000 	C:\WINDOWS\System32\msvcrt.dll
0x75230000 - 0x7531b000 	C:\WINDOWS\System32\gdi32full.dll
0x775c0000 - 0x77645000 	C:\WINDOWS\System32\msvcp_win.dll
0x772a0000 - 0x772c5000 	C:\WINDOWS\System32\IMM32.DLL
0x71a40000 - 0x71aad000 	C:\Users\pedro.queblas\.bubblewrap\jdk\jdk-17.0.11+9\bin\msvcp140.dll
0x6fdf0000 - 0x70324000 	C:\Users\pedro.queblas\.bubblewrap\jdk\jdk-17.0.11+9\bin\client\jvm.dll
0x76410000 - 0x7648f000 	C:\WINDOWS\System32\ADVAPI32.dll
0x75680000 - 0x75703000 	C:\WINDOWS\System32\sechost.dll
0x75320000 - 0x753dc000 	C:\WINDOWS\System32\RPCRT4.dll
0x74e70000 - 0x74ec5000 	C:\WINDOWS\SYSTEM32\POWRPROF.dll
0x73f30000 - 0x73f63000 	C:\WINDOWS\SYSTEM32\WINMM.dll
0x72a10000 - 0x72a18000 	C:\WINDOWS\SYSTEM32\WSOCK32.dll
0x751c0000 - 0x75221000 	C:\WINDOWS\System32\WS2_32.dll
0x751a0000 - 0x751a8000 	C:\WINDOWS\SYSTEM32\VERSION.dll
0x74df0000 - 0x74dfe000 	C:\WINDOWS\SYSTEM32\UMPDC.dll
0x74e10000 - 0x74e25000 	C:\WINDOWS\SYSTEM32\kernel.appcore.dll
0x71be0000 - 0x71be9000 	C:\Users\pedro.queblas\.bubblewrap\jdk\jdk-17.0.11+9\bin\jimage.dll
0x70ed0000 - 0x710b0000 	C:\WINDOWS\SYSTEM32\DBGHELP.DLL
0x75ff0000 - 0x76282000 	C:\WINDOWS\System32\combase.dll
0x768b0000 - 0x7694e000 	C:\WINDOWS\System32\OLEAUT32.dll
0x70a20000 - 0x70a50000 	C:\WINDOWS\SYSTEM32\dbgcore.DLL
0x776c0000 - 0x77734000 	C:\WINDOWS\System32\bcryptPrimitives.dll
0x70970000 - 0x7097d000 	C:\Users\pedro.queblas\.bubblewrap\jdk\jdk-17.0.11+9\bin\instrument.dll
0x71a10000 - 0x71a31000 	C:\Users\pedro.queblas\.bubblewrap\jdk\jdk-17.0.11+9\bin\java.dll
0x759c0000 - 0x75fec000 	C:\WINDOWS\System32\SHELL32.dll
0x77430000 - 0x77529000 	C:\WINDOWS\System32\wintypes.dll
0x746f0000 - 0x74dce000 	C:\WINDOWS\SYSTEM32\windows.storage.dll
0x75710000 - 0x757e1000 	C:\WINDOWS\System32\SHCORE.dll
0x76960000 - 0x769b2000 	C:\WINDOWS\System32\shlwapi.dll
0x745f0000 - 0x7460d000 	C:\WINDOWS\SYSTEM32\profapi.dll
0x709c0000 - 0x709d6000 	C:\Users\pedro.queblas\.bubblewrap\jdk\jdk-17.0.11+9\bin\zip.dll
0x70a00000 - 0x70a14000 	C:\Users\pedro.queblas\.bubblewrap\jdk\jdk-17.0.11+9\bin\net.dll
0x74f00000 - 0x74fe2000 	C:\WINDOWS\SYSTEM32\WINHTTP.dll
0x74130000 - 0x74184000 	C:\WINDOWS\system32\mswsock.dll
0x709e0000 - 0x709f2000 	C:\Users\pedro.queblas\.bubblewrap\jdk\jdk-17.0.11+9\bin\nio.dll
0x71750000 - 0x7175d000 	C:\Users\pedro.queblas\.bubblewrap\jdk\jdk-17.0.11+9\bin\verify.dll
0x70990000 - 0x709b0000 	C:\Users\pedro.queblas\.gradle\native\c067742578af261105cb4f569cf0c3c89f3d7b1fecec35dd04571415982c5e48\windows-i386\native-platform.dll
0x703d0000 - 0x704c0000 	C:\Users\pedro.queblas\.gradle\native\100fb08df4bc3b14c8652ba06237920a3bd2aa13389f12d3474272988ae205f9\windows-i386\native-platform-file-events.dll
0x71690000 - 0x71698000 	C:\Users\pedro.queblas\.bubblewrap\jdk\jdk-17.0.11+9\bin\management.dll
0x709b0000 - 0x709b9000 	C:\Users\pedro.queblas\.bubblewrap\jdk\jdk-17.0.11+9\bin\management_ext.dll
0x76810000 - 0x76816000 	C:\WINDOWS\System32\PSAPI.DLL
0x73990000 - 0x739a4000 	C:\WINDOWS\SYSTEM32\CRYPTSP.dll
0x73920000 - 0x73953000 	C:\WINDOWS\system32\rsaenh.dll
0x735a0000 - 0x735bf000 	C:\WINDOWS\SYSTEM32\USERENV.dll
0x74e50000 - 0x74e6c000 	C:\WINDOWS\SYSTEM32\bcrypt.dll
0x73a00000 - 0x73a0a000 	C:\WINDOWS\SYSTEM32\CRYPTBASE.dll
0x74ed0000 - 0x74ef7000 	C:\WINDOWS\SYSTEM32\IPHLPAPI.DLL
0x773a0000 - 0x773a7000 	C:\WINDOWS\System32\NSI.dll
0x74110000 - 0x74128000 	C:\WINDOWS\SYSTEM32\dhcpcsvc6.DLL
0x740f0000 - 0x7410c000 	C:\WINDOWS\SYSTEM32\dhcpcsvc.DLL
0x74000000 - 0x740e2000 	C:\WINDOWS\SYSTEM32\DNSAPI.dll
0x70980000 - 0x70986000 	C:\Users\pedro.queblas\.bubblewrap\jdk\jdk-17.0.11+9\bin\extnet.dll
0x70960000 - 0x7096b000 	C:\Users\pedro.queblas\.bubblewrap\jdk\jdk-17.0.11+9\bin\sunmscapi.dll
0x76e20000 - 0x76f29000 	C:\WINDOWS\System32\CRYPT32.dll
0x73040000 - 0x73068000 	C:\WINDOWS\SYSTEM32\ncrypt.dll
0x725b0000 - 0x725d8000 	C:\WINDOWS\SYSTEM32\NTASN1.dll
0x70950000 - 0x70957000 	C:\WINDOWS\system32\wshunix.dll

dbghelp: loaded successfully - version: 4.0.5 - missing functions: none
symbol engine: initialized successfully - sym options: 0x614 - pdb path: .;C:\Users\pedro.queblas\.bubblewrap\jdk\jdk-17.0.11+9\bin;C:\WINDOWS\SYSTEM32;C:\WINDOWS\WinSxS\x86_microsoft.windows.common-controls_6595b64144ccf1df_6.0.26100.7309_none_85b335c1f7b2c94a;C:\Users\pedro.queblas\.bubblewrap\jdk\jdk-17.0.11+9\bin\client;C:\Users\pedro.queblas\.gradle\native\c067742578af261105cb4f569cf0c3c89f3d7b1fecec35dd04571415982c5e48\windows-i386;C:\Users\pedro.queblas\.gradle\native\100fb08df4bc3b14c8652ba06237920a3bd2aa13389f12d3474272988ae205f9\windows-i386

VM Arguments:
jvm_args: --add-opens=java.base/java.lang=ALL-UNNAMED --add-opens=java.base/java.lang.invoke=ALL-UNNAMED --add-opens=java.base/java.util=ALL-UNNAMED --add-opens=java.prefs/java.util.prefs=ALL-UNNAMED --add-exports=jdk.compiler/com.sun.tools.javac.api=ALL-UNNAMED --add-exports=jdk.compiler/com.sun.tools.javac.util=ALL-UNNAMED --add-opens=java.base/java.util=ALL-UNNAMED --add-opens=java.prefs/java.util.prefs=ALL-UNNAMED --add-opens=java.base/java.nio.charset=ALL-UNNAMED --add-opens=java.base/java.net=ALL-UNNAMED --add-opens=java.base/java.util.concurrent.atomic=ALL-UNNAMED --add-opens=java.xml/javax.xml.namespace=ALL-UNNAMED -Xmx1536m -Dfile.encoding=windows-1252 -Duser.country=BR -Duser.language=pt -Duser.variant -javaagent:C:\Users\pedro.queblas\.gradle\wrapper\dists\gradle-8.11.1-bin\bpt9gzteqjrbo1mjrsomdt32c\gradle-8.11.1\lib\agents\gradle-instrumentation-agent-8.11.1.jar 
java_command: org.gradle.launcher.daemon.bootstrap.GradleDaemon 8.11.1
java_class_path (initial): C:\Users\pedro.queblas\.gradle\wrapper\dists\gradle-8.11.1-bin\bpt9gzteqjrbo1mjrsomdt32c\gradle-8.11.1\lib\gradle-daemon-main-8.11.1.jar
Launcher Type: SUN_STANDARD

[Global flags]
     intx CICompilerCount                          = 1                                         {product} {ergonomic}
    uintx CodeCacheExpansionSize                   = 32768                                  {pd product} {ergonomic}
    uintx InitialCodeCacheSize                     = 163840                                 {pd product} {ergonomic}
   size_t InitialHeapSize                          = 16777216                                  {product} {ergonomic}
   size_t MaxHeapSize                              = 1610612736                                {product} {command line}
   size_t MaxNewSize                               = 536870912                                 {product} {ergonomic}
   size_t MinHeapDeltaBytes                        = 131072                                    {product} {ergonomic}
   size_t MinHeapSize                              = 6291456                                   {product} {ergonomic}
     bool NeverActAsServerClassMachine             = true                                   {pd product} {ergonomic}
   size_t NewSize                                  = 5570560                                   {product} {ergonomic}
    uintx NonNMethodCodeHeapSize                   = 5242880                                {pd product} {ergonomic}
    uintx NonProfiledCodeHeapSize                  = 0                                      {pd product} {ergonomic}
   size_t OldSize                                  = 11206656                                  {product} {ergonomic}
     bool ProfileInterpreter                       = false                                  {pd product} {ergonomic}
    uintx ProfiledCodeHeapSize                     = 0                                      {pd product} {ergonomic}
    uintx ReservedCodeCacheSize                    = 33554432                               {pd product} {ergonomic}
   size_t SoftMaxHeapSize                          = 1610612736                             {manageable} {ergonomic}
     bool UseLargePagesIndividualAllocation        = false                                  {pd product} {ergonomic}
     bool UseSerialGC                              = true                                      {product} {ergonomic}

Logging:
Log output configuration:
 #0: stdout all=warning uptime,level,tags
 #1: stderr all=off uptime,level,tags

Environment Variables:
JAVA_HOME=C:\Users\pedro.queblas\.bubblewrap\jdk\jdk-17.0.11+9\
CLASSPATH=C:\Users\pedro.queblas\Desktop\GymTracker\android-twa\\gradle\wrapper\gradle-wrapper.jar
PATH=C:\Users\pedro.queblas\.bubblewrap\jdk\jdk-17.0.11+9\bin\;C:\Users\pedro.queblas\AppData\Roaming\npm;C:\Users\pedro.queblas\Desktop\GymTracker\android-twa\node_modules\.bin;C:\Users\pedro.queblas\Desktop\GymTracker\node_modules\.bin;C:\Users\pedro.queblas\Desktop\node_modules\.bin;C:\Users\pedro.queblas\node_modules\.bin;C:\Users\node_modules\.bin;C:\node_modules\.bin;C:\Program Files\nodejs\node_modules\npm\node_modules\@npmcli\run-script\lib\node-gyp-bin;c:\\Users\\pedro.queblas\\.trae\\tools\\trae-gopls\\current;c:\\Users\\pedro.queblas\\.trae\\sdks\\workspaces\\2b3b0728\\versions\\node\\current;c:\\Users\\pedro.queblas\\.trae\\sdks\\versions\\node\\current;c:\Users\pedro.queblas\.trae\tools\trae-gopls\current;c:\Users\pedro.queblas\.trae\sdks\workspaces\2b3b0728\versions\node\current;c:\Users\pedro.queblas\.trae\sdks\versions\node\current;C:\Program Files\Common Files\Oracle\Java\javapath;C:\Program Files (x86)\Common Files\Oracle\Java\java8path;C:\Program Files (x86)\Common Files\Oracle\Java\javapath;C:\WINDOWS\system32;C:\WINDOWS;C:\WINDOWS\System32\Wbem;C:\WINDOWS\System32\WindowsPowerShell\v1.0\;C:\WINDOWS\System32\OpenSSH\;C:\Program Files\Microsoft SQL Server\170\Tools\Binn\;C:\Program Files\Microsoft SQL Server\Client SDK\ODBC\170\Tools\Binn\;C:\Program Files\Git\cmd;C:\Program Files\PuTTY\;C:\Program Files\nodejs\;C:\Users\pedro.queblas\AppData\Local\Microsoft\WindowsApps;C:\Users\pedro.queblas\AppData\Local\Python\bin;C:\Users\pedro.queblas\AppData\Roaming\npm;C:\Users\pedro.queblas\AppData\Local\Programs\Microsoft VS Code\bin;C:\Users\pedro.queblas\AppData\Local\Programs\cursor\resources\app\bin
USERNAME=pedro.queblas
LANG=en_US.UTF-8
OS=Windows_NT
PROCESSOR_IDENTIFIER=Intel64 Family 6 Model 191 Stepping 2, GenuineIntel
TMP=C:\Users\PEDRO~1.QUE\AppData\Local\Temp
TEMP=C:\Users\PEDRO~1.QUE\AppData\Local\Temp



Periodic native trim disabled


---------------  S Y S T E M  ---------------

OS:
 Windows 11 , 64 bit Build 26100 (10.0.26100.7309)
OS uptime: 6 days 1:48 hours
Hyper-V role detected

CPU: total 20 (initial active 20) (10 cores per cpu, 2 threads per core) family 6 model 191 stepping 2 microcode 0x3a, cx8, cmov, fxsr, ht, mmx, 3dnowpref, sse, sse2, sse3, ssse3, sse4.1, sse4.2, popcnt, lzcnt, tsc, tscinvbit, avx, avx2, aes, erms, clmul, bmi1, bmi2, adx, sha, fma, vzeroupper, clflush, clflushopt, clwb, hv
Processor Information for all 20 processors :
  Max Mhz: 1600, Current Mhz: 1600, Mhz Limit: 1600

Memory: 4k page, system-wide physical 16053M (2257M free)
TotalPageFile size 21443M (AvailPageFile size 2219M), user-mode portion of virtual address-space 2047M (36M free)
current process WorkingSet (physical memory assigned to process): 630M, peak: 630M
current process commit charge ("private bytes"): 758M, peak: 758M

vm_info: OpenJDK Client VM (17.0.11+9) for windows-x86 JRE (17.0.11+9), built on Apr 18 2024 18:23:17 by "admin" with MS VC++ 16.10 / 16.11 (VS2019)

END.
